date,corn,soybeans,sugar,iron,oil,coffee,soybean_price,oil_price,iron_price,wheat_price,corn_price,coffee_arabica_price,USDBRL,BRLUSD,neer,reer,brazil_rate,us_rate,rate_diff,vix,vix,total_exports
1/1/00,579149,5507660,81475121,256910176,1E-16,141109073,180.38,25.41,12.45,93.62,92.95,111.8514286,1.80292381,0.554654609,191.72,113.62,19,5.5,13.5,23.20,23.20,3446768506
2/1/00,886860,11255384,115509089,188297971,51,155685300,185.76,27.37,12.45,98.17,95.08,104.0414286,1.774490476,0.56354205,195.7,115.64,19,5.75,13.25,23.60,23.60,4120793391
3/1/00,949107,104267700,32547599,269374011,1E-16,127370617,190.97,27.49,12.45,96.40,95.17,100.6526087,1.741233333,0.574305569,201.65,119.02,18.5,6,12.5,22.72,22.72,4467447649
4/1/00,671498,304337612,12733928,227359555,1E-16,118263733,197.10,23.77,12.45,94.43,95.54,94.65,1.767368421,0.565812984,200.17,118.52,18.5,6,12.5,27.16,27.16,4170220598
5/1/00,14612,337395241,11645550,306778408,1E-16,146694623,200.87,27.42,12.45,99.11,95.53,91.50608696,1.827131818,0.547305887,197.11,116.64,18.5,6.5,12,26.37,26.37,5060389264
6/1/00,235371,345376332,65750387,256030011,8830391,117014219,186.95,29.83,12.45,103.37,84.04,86.89409091,1.807528571,0.553241601,196.18,116,17.5,6.5,11,21.54,21.54,4850102157
7/1/00,1620096,353263286,153625221,252661162,50862353,91382131,169.50,28.34,12.45,97.13,75.06,87.65619048,1.79702381,0.556475654,198.14,118.86,16.5,6.5,10,19.89,19.89,5000307451
8/1/00,1908996,380247150,143489488,286715876,1E-16,148655773,167.87,30.01,12.45,96.65,75.24,79.30391304,1.80843913,0.55296304,199.51,121.15,16.5,6.5,10,18.09,18.09,5516407914
9/1/00,552463,149138414,92535733,249105401,27486,128741572,180.45,32.44,12.45,103.44,80.15,75.8352381,1.83839,0.543954221,198.72,120.38,16.5,6.5,10,19.69,19.69,4705729616
10/1/00,524670,113417053,173247992,291083379,1E-16,148887098,173.61,31.65,12.45,107.78,84.71,76.76454545,1.878838095,0.532243839,196.09,118.76,16.5,6.5,10,"	25.20","	25.20",4634820927
11/1/00,27751,62305085,166778989,232935017,38934539,137490842,177.19,32.61,12.45,105.04,88.94,71.39045455,1.94721,0.513555292,189.71,115.14,16.5,6.5,10,"	26.38","	26.38",4374176633
12/1/00,1393958,21316319,148492630,230989129,59930153,100336119,185.96,25.32,12.45,113.74,96.22,65.90333333,1.9625,0.50955414,185.85,113.33,15.75,6.5,9.25,"	26.53","	26.53",4645995542
1/1/01,5985099,58188005,229618827,320824466,66156287,83746369,175.42,25.96,12.99,109.48,94.30,65.6526087,1.953709091,0.51184693,185.12,113.3,15.25,5.5,9.75,24.92,24.92,4528675856
2/1/01,15656313,19676199,74282170,184787812,85843872,90751795,167.45,27.43,12.99,103.32,92.38,67.2755,2.001055556,0.49973625,181.57,111.42,15.25,5.5,9.75,23.41,23.41,4062887664
3/1/01,25036056,161880205,116041631,284171828,8562194,103247297,164.38,25.28,12.99,105.57,91.01,66.66590909,2.08825,0.478869867,175.83,107.96,15.75,5,10.75,28.50,28.50,5153769468
4/1/01,29524758,336058402,71822001,208956350,79974562,108874074,158.61,25.91,12.99,106.15,87.55,65.99761905,2.191655,0.456276193,169.03,103.85,16.25,4.5,11.75,28.13,28.13,4713703708
5/1/01,63365518,416279892,78503793,270425701,75495977,100219590,163.87,27.49,12.99,110.77,85.08,69.63130435,2.296431818,0.435458171,162.66,99.98,16.75,4,12.75,22.94,22.94,5362183737
6/1/01,60434341,435667608,163264621,232410641,87475491,102938576,170.23,27.11,12.99,109.43,83.16,63.84619048,2.375025,0.421048199,157.75,97.44,18.25,3.75,14.5,20.94,20.94,5033408207
7/1/01,41310925,337766313,239760520,280662389,74907022,90955629,186.65,24.94,12.99,108.34,90.75,58.94136364,2.465222727,0.405642861,152.38,95.6,19,3.75,15.25,22.32,22.32,4957564819
8/1/01,29199678,445356745,288672366,253708277,47229478,128580044,182.75,25.92,12.99,104.22,92.88,59.33130435,2.509830435,0.398433291,147.44,93.13,19,3.5,15.5,21.86,21.86,5719937959
9/1/01,59289669,280168399,292192876,209206237,24735018,100035850,172.35,25.43,12.99,103.18,89.74,58.267,2.670863158,0.374410796,138.41,87.39,19,3,16,35.07,35.07,4738230423
10/1/01,51013018,156751356,289734147,277010339,45721755,111578178,160.63,21.06,12.99,104.83,86.27,56.36782609,2.739372727,0.365047074,135.28,86.2,19,2.5,16.5,"	32.72","	32.72",4943932135
11/1/01,62521935,36063289,280722955,210112839,35941686,111485062,162.56,18.73,12.99,106.80,89.88,58.84772727,2.542265,0.393350024,145.97,93.81,19,2,17,"	26.63","	26.63",4487381285
12/1/01,53990753,41651477,151556334,199138802,88828204,79907503,160.15,18.61,12.99,104.37,92.31,56.5852381,2.3619,0.42338795,157.41,101.85,19,1.75,17.25,"	23.72","	23.72",4330618982
1/1/02,32453524,26164097,148309753,218123301,43039514,73313686,160.06,19.33,12.68,106.19,91.97,58.24304348,2.3771,0.420680661,157.77,102.19,19,1.75,17.25,22.25,22.25,3952038148
2/1/02,46721168,14276816,127931406,199964262,45354146,71296639,160.20,20.16,12.68,103.84,90.73,59.116,2.4188,0.413428146,164.62,106.44,18.75,1.75,17,22.88,22.88,3652691211
3/1/02,32616563,111716438,63761274,238544172,110677852,72208962,168.69,23.83,12.68,102.55,89.86,64.07047619,2.345845,0.426285624,171.74,111,18.5,1.75,16.75,18.98,18.98,4251755321
4/1/02,13481637,288120366,52996253,267043902,116807723,91043552,171.36,25.51,12.68,104.80,87.11,65.33681818,2.3196,0.431108812,175.46,112.94,18.5,1.75,16.75,19.90,19.90,4612069084
5/1/02,12851921,217093531,90121572,188515319,141431989,72332638,176.64,25.72,12.68,104.10,90.33,61.46043478,2.4796,0.403290853,163.77,105.21,18.5,1.75,16.75,20.09,20.09,4424075300
6/1/02,4624694,217588612,186919262,60821793,53591019,55501770,185.37,24.57,12.68,115.41,93.17,58.5555,2.713175,0.368571876,148.87,95.77,18.5,1.75,16.75,25.27,25.27,4064856073
7/1/02,2241128,475948036,229823044,412530000,318457629,113068574,209.09,25.76,12.68,132.64,99.70,56.4773913,2.933834783,0.340850823,136.17,88.44,18,1.75,16.25,34.05,34.05,6202182481
8/1/02,5020977,336591884,219061294,390037926,166749234,119413246,208.22,26.74,12.68,149.61,109.89,54.36409091,3.109309091,0.321614857,128.37,83.6,18,1.75,16.25,33.74,33.74,5738521055
9/1/02,38041391,768879297,329862040,315501711,165038539,132204019,208.22,28.32,12.68,173.34,113.94,60.66619048,3.341242857,0.299289828,120.71,78.88,18,1.75,16.25,37.65,37.65,6478828752
10/1/02,34689611,353345438,268944873,262317965,238460322,135469437,200.09,27.45,12.68,180.04,109.65,65.73086957,3.805130435,0.262803081,105.94,69.98,21,1.75,19.25,"	35.24","	35.24",6456465000
11/1/02,35258665,99035723,183597483,261065421,116558859,140465321,210.22,24.65,12.68,164.28,108.65,69.86809524,3.5756,0.279673342,111.02,75.47,22,1.25,20.75,"	28.18","	28.18",5102634927
12/1/02,9595517,121195326,192100759,234384653,175204057,124724369,208.24,27.96,12.68,149.20,107.01,63.65590909,3.625119048,0.27585301,108.76,75.39,25,1.25,23.75,"	28.21","	28.21",5211040751
1/1/03,12028586,50676231,191222094,297849762,122667503,106362688,208.67,30.53,13.82,140.48,105.84,65.38347826,3.437554545,0.290904475,112.83,79.66,25.5,1.25,24.25,27.42,27.42,4780278337
2/1/03,5729793,40658869,114036377,263117374,273683107,129979182,209.61,32.93,13.82,141.66,106.14,66.4085,3.589955,0.278555024,107.62,76.79,26.5,1.25,25.25,32.22,32.22,4981697380
3/1/03,23132569,267833468,51681510,271919657,252928793,92020265,210.22,30.30,13.82,129.25,105.13,61.74809524,3.446089474,0.290183992,111.29,79.99,26.5,1.25,25.25,30.63,30.63,5209857493
4/1/03,18525242,589979729,38841745,287113939,104745062,94549996,221.71,25.65,13.82,126.05,105.34,64.69227273,3.1179,0.320728696,122.11,88.59,26.5,1.25,25.25,23.99,23.99,5681705996
5/1/03,39824695,689872764,125548161,290711429,112243387,99745271,232.41,26.09,13.82,131.05,107.91,66.09681818,2.954942857,0.33841602,125.84,91.99,26.5,1.25,25.25,20.24,20.24,6363120746
6/1/03,26964937,528488368,200808207,217323150,122827118,84196728,229.77,27.99,13.82,118.16,107.03,61.04666667,2.882405,0.346932509,128.57,93.89,26,1,25,20.36,20.36,5851302730
7/1/03,26830200,407959512,187749596,242610788,153018416,82708838,214.03,28.66,13.82,115.78,97.67,62.95130435,2.879,0.347342827,129.97,95.13,24.5,1,23.5,19.16,19.16,6087497688
8/1/03,34828670,539944618,321212145,220566460,113010236,95305699,208.22,29.73,13.82,133.48,100.35,63.89142857,3.0017,0.333144551,125.89,92.21,22,1,21,19.27,19.27,6386781075
9/1/03,64414232,469804539,242232631,393245738,216359514,139228429,231.70,26.93,13.82,130.65,103.24,66.41045455,2.922,0.342231348,128.56,94.57,20,1,19,19.53,19.53,7255157716
10/1/03,49479441,485045099,240238977,491411363,205555700,140963756,268.99,29.02,13.82,130.06,104.21,64.28347826,2.8607,0.349564792,128.83,94.91,19,1,18,"	18.02","	18.02",7532647324
11/1/03,26041209,130503767,167601338,282498244,175959390,127644594,279.72,29.11,13.82,141.35,108.10,62.2775,2.913,0.343288706,126.62,93.57,17.5,1,16.5,"	17.40","	17.40",5918226834
12/1/03,47336415,86033383,255313514,197552394,268933282,122088210,283.19,29.97,13.82,145.07,111.99,64.88434783,2.924454545,0.341944108,124.13,92.07,16.5,1,15.5,"	16.83","	16.83",6728473371
1/1/04,71560517,99169681,139354926,439895296,229702831,102248345,300.90,31.40,16.39,147.29,116.25,72.02863636,2.851033333,0.35075002,125.55,93.58,16.5,1,15.5,16.10,16.10,5785343912
2/1/04,72104487,127324531,154802641,282396584,200683452,122181071,316.55,31.45,16.39,141.73,122.93,76.2255,2.929511111,0.341353885,122.18,91.35,16.5,1,15.5,16.00,16.00,5715580929
3/1/04,108076181,453433518,188841820,450429411,256672821,142163725,360.68,33.58,16.39,142.55,128.46,78.05913043,2.904656522,0.344274785,124.51,93.06,16.25,1,15.25,17.69,17.69,7907130664
4/1/04,47702830,568559445,113086155,211224560,76173983,116715328,363.50,33.90,16.39,146.06,133.44,75.53772727,2.905185,0.344212159,125.28,93.58,16,1,15,15.70,15.70,6581422428
5/1/04,32082415,738761974,130603466,301658855,231603147,129892820,347.87,37.54,16.39,143.18,129.29,77.44,3.099619048,0.322620291,118.9,88.94,16,1,15,17.70,17.70,7921661037
6/1/04,76956839,1045129879,262307551,394248972,295307681,131913393,320.23,35.68,16.39,136.86,123.28,82.21454545,3.128347619,0.319657571,116.47,87.6,16,1.25,14.75,15.34,15.34,9306490756
7/1/04,38793328,658979792,271691763,489420402,231719816,127629971,289.79,37.99,16.39,132.39,104.49,74.96772727,3.035977273,0.32938323,119.37,90.62,16,1.25,14.75,15.50,15.50,8962900814
8/1/04,49957954,580532355,267229515,505739417,321934004,159912723,225.79,41.92,16.39,122.06,104.09,73.60818182,3.0021,0.333100163,121.37,92.59,16,1.5,14.5,16.68,16.68,9039689359
9/1/04,61224402,647732873,294095060,413057313,70818158,154868513,206.45,41.72,16.39,126.82,97.73,80.46590909,2.890347619,0.345979146,125.82,96.03,16.25,1.75,14.5,14.08,14.08,8910068943
10/1/04,12153148,240321675,270747485,407410851,199131201,183275811,193.43,47.04,16.39,123.06,93.42,80.55095238,2.852055,0.350624374,126.33,96.46,16.75,1.75,15,"	14.97","	14.97",8177723377
11/1/04,14535863,115603969,272188404,446745135,192455031,192400009,195.82,42.33,16.39,127.13,93.76,90.26772727,2.78524,0.359035487,126.6,97.31,17.25,2,15.25,"	13.58","	13.58",8145723119
12/1/04,12188183,97078959,269214309,416648421,221454284,193906438,198.59,39.13,16.39,123.55,95.61,104.3882609,2.71736087,0.368004122,128.18,99.34,17.75,2.25,15.5,"	12.46","	12.46",8667937031
1/1/05,26404130,76755882,212321239,355237870,213392015,176193310,195.66,43.16,28.11,122.78,96.04,107.1642857,2.6922,0.371443429,130,101.15,18.25,2.25,16,13.44,13.44,7480600323
2/1/05,38208551,90784746,283135035,417022083,194315237,192339915,197.59,44.46,28.11,123.13,94.36,120.8325,2.597,0.385059684,134.77,104.89,18.75,2.5,16.25,11.71,11.71,7777720295
3/1/05,40359086,400654369,270682454,416993980,117354610,243785475,233.18,51.13,28.11,129.96,100.01,134.7778261,2.7039,0.369836163,128.98,100.42,19.25,2.75,16.5,13.13,13.13,9258176578
4/1/05,2342619,613457998,231122158,581312383,290662344,233257580,228.76,50.91,28.11,120.06,96.47,129.5295238,2.5784,0.387837419,136.25,106.55,19.5,2.75,16.75,14.46,14.46,9247138198
5/1/05,2365557,527635325,372191717,616498928,311846067,210799516,233.46,48.09,28.11,119.15,95.36,128.3977273,2.452,0.407830343,143.98,113.03,19.75,3,16.75,13.97,13.97,9849729906
6/1/05,604576,695739146,378995793,686228123,23944671,213160445,254.74,54.08,28.11,122.47,97.62,121.1559091,2.4127,0.414473412,148.14,116.2,19.75,3.25,16.5,11.87,11.87,10220075837
7/1/05,691584,660893436,388008871,652821732,850103722,178974595,253.35,56.44,28.11,130.16,105.66,109.9285714,2.3727,0.421460783,151.51,118.77,19.75,3.25,16.5,11.05,11.05,11084278042
8/1/05,1193766,686761605,409013881,701746093,636256386,248180783,230.43,61.92,28.11,131.56,99.29,108.203913,2.359830435,0.423759261,150.69,117.97,19.75,3.5,16.25,12.95,12.95,11345352257
9/1/05,1962589,543271447,375291329,628264690,560134172,188584214,212.02,61.95,28.11,137.39,97.07,99.49090909,2.2936,0.435995814,154.9,120.83,19.5,3.75,15.75,12.63,12.63,10658371596
10/1/05,753171,441201013,322829803,700518209,189950194,221724120,211.17,58.29,28.11,143.07,101.55,105.0990476,2.25565,0.443331191,159.57,125.04,19,3.75,15.25,"	14.94","	14.94",9929497189
11/1/05,345761,340663805,365103632,746982435,476913355,221760131,210.90,55.05,28.11,136.35,95.98,107.7422727,2.21,0.452488688,164.13,129.5,18.5,4,14.5,"	12.15","	12.15",10841578180
12/1/05,5910939,233947151,308309116,793013716,299879245,204210112,216.54,56.59,28.11,139.99,102.68,105.9245455,2.2847,0.437694227,158.75,125.52,18,4.25,13.75,"	11.26","	11.26",10905317006
1/1/06,11085564,178997738,268212078,607706998,721417096,194381415,214.01,62.34,33.45,144.57,102.79,124.1986364,2.2731,0.439927852,157.73,124.92,17.25,4.5,12.75,12.04,12.04,9282148569
2/1/06,23572936,171610923,264736525,576832015,235088202,220060400,214.37,59.90,33.45,158.89,106.94,119.1215,2.1611,0.462727315,166.62,132.15,17.25,4.5,12.75,12.47,12.47,8757143569
3/1/06,14953283,620410217,424273827,835991094,360583552,222280363,212.71,61.36,33.45,155.79,104.95,113.6604348,2.1512,0.464856824,167.13,132.6,16.5,4.75,11.75,11.69,11.69,11379482701
4/1/06,24364980,653130689,250084530,545378409,402166083,198579198,208.90,68.18,33.45,161.21,107.91,115.3375,2.1285,0.469814423,167.62,132.42,15.75,4.75,11,11.85,11.85,9822123658
5/1/06,34756700,695941023,325178180,457643288,368935921,213171508,217.36,68.92,33.45,176.60,110.62,109.6295652,2.1773,0.459284435,161.56,127.36,15.75,5,10.75,14.45,14.45,10277429381
6/1/06,39705393,510385914,640596183,790138827,448002825,194738326,216.50,68.45,33.45,176.92,109.61,103.1495455,2.2475,0.444938821,157.58,123.83,15.25,5.25,10,16.92,16.92,11441854586
7/1/06,73344100,978044623,745257922,1069616747,869964337,201418704,217.25,72.47,33.45,181.35,114.31,104.997619,2.1885,0.456933973,161.92,127.33,14.75,5.25,9.5,15.33,15.33,13637840111
8/1/06,71397117,657746849,626602641,860180294,725140004,282485782,203.84,71.77,33.45,165.13,115.28,111.73,2.1551,0.464015591,163.48,128.27,14.25,5.25,9,13.35,13.35,13646473652
9/1/06,45893914,449124734,522272895,786793164,970123330,284789467,199.31,62.09,33.45,164.94,120.27,109.8266667,2.1679,0.461275889,163.25,128.25,14.25,5.25,9,12.18,12.18,12556054220
10/1/06,45098588,379313988,757126569,913696848,536180576,311071765,217.89,57.99,33.45,182.43,142.26,110.6331818,2.1475,0.465657742,164.98,130.06,13.75,5.25,8.5,"	11.31","	11.31",12655903297
11/1/06,54082444,235974241,620804470,793800366,511483460,341978544,244.00,58.45,33.45,182.30,164.11,122.2654545,2.1571,0.463585369,163.01,128.78,13.25,5.25,8,"	10.82","	10.82",11874489874
12/1/06,43638897,116676618,720981287,711093267,745442427,287773871,243.31,60.90,33.45,179.53,160.72,128.3561905,2.14912,0.46530673,161.47,127.65,13.25,5.25,8,"	10.96","	10.96",12250207591
1/1/07,67986908,138464515,535143326,866132381,708401020,282104796,255.87,53.71,36.63,172.57,165.16,124.6943478,2.1377,0.467792487,163.55,129.69,13,5.25,7.75,11.04,11.04,10966848594
2/1/07,56857342,206561696,347062827,718149904,484405508,272636613,278.04,57.71,36.63,175.27,177.38,122.032,2.0955,0.477213076,166.96,132.4,13,5.25,7.75,11.16,11.16,10107260537
3/1/07,53286555,561777651,341694715,827541851,542596040,291641035,276.96,60.64,36.63,173.31,169.58,117.0836364,2.0879,0.478950141,166.45,131.81,12.75,5.25,7.5,15.16,15.16,12858871518
4/1/07,97177687,844895958,332823169,767607425,695026639,258628983,270.39,65.18,36.63,178.56,152.63,114.6947619,2.0312,0.492319811,169.53,133.87,12.5,5.25,7.25,12.93,12.93,12433002581
5/1/07,109275172,825729511,354196252,891562872,570385642,256801132,283.21,65.24,36.63,178.01,160.14,113.3269565,1.9808,0.504846527,173.2,136.68,12.5,5.25,7.25,13.30,13.30,13627574398
6/1/07,131189768,817432365,442092372,735935825,488465839,241757164,302.83,68.10,36.63,206.52,164.54,119.3280952,1.9311,0.517839573,178.07,140.61,12,5.25,6.75,14.95,14.95,13087980628
7/1/07,172062201,859556936,471486139,1089285350,702271805,243428952,313.48,73.43,36.63,222.00,147.22,117.6331818,1.882,0.531349628,181.31,143.28,11.5,5.25,6.25,17.27,17.27,14086693575
8/1/07,228428966,763424128,541516296,995296167,874899327,278016493,309.01,70.35,36.63,240.69,151.03,123.1508696,1.9652,0.508854061,174.65,138.31,11.5,5.25,6.25,25.03,25.03,15093709639
9/1/07,246332440,543682814,474203178,890848213,728282955,273692155,347.56,76.62,36.63,297.95,160.13,128.0435,1.8988,0.52664841,178.46,141,11.25,4.75,6.5,22.20,22.20,13593241730
10/1/07,333173341,664188525,489688163,992179346,1008655552,355614503,358.40,82.12,36.63,303.63,164.11,134.2908696,1.8002,0.555493834,186.15,146.9,11.25,4.5,6.75,"	19.12","	19.12",15744759674
11/1/07,245941446,267529163,425973600,858182806,755651537,346184286,389.02,91.32,36.63,286.50,171.11,131.0454545,1.7691,0.565259171,187.72,147.88,11.25,4.5,6.75,"	25.58","	25.58",14001345906
12/1/07,177128235,190488327,340592571,925189314,1346023742,302670034,423.08,89.85,36.63,339.23,180.28,138.0428571,1.7852,0.560161326,185.98,147.11,11.25,4.25,7,"	21.65","	21.65",14215095053
1/1/08,96695248,250720594,313182005,962205273,615869199,286700425,461.72,90.77,60.8,336.12,206.56,139.8226087,1.7735,0.56385678,186,147.37,11.25,3,8.25,25.82,25.82,13234232944
2/1/08,78781814,186175798,326563540,921420952,607035405,322455916,508.22,93.38,60.8,393.87,220.05,157.2895238,1.7269,0.579072326,189.96,150.1,11.25,3,8.25,25.46,25.46,12763889431
3/1/08,134872780,561759980,248862934,533887444,367863659,328587726,495.69,101.68,60.8,403.81,233.93,149.2204762,1.7068,0.585891727,189.18,149.35,11.25,2.25,9,27.10,27.10,12565657530
4/1/08,114405553,1397622773,273723069,682205769,147273473,328863485,482.79,108.74,60.8,326.85,246.64,140.7045455,1.6881,0.592381968,189.85,149.94,11.75,2,9.75,21.56,21.56,14038688872
5/1/08,159349596,1860281570,409769329,1517848075,1939748035,273201400,489.09,122.95,60.8,288.42,243.53,142.0436364,1.6597,0.602518527,194.48,153.98,11.75,2,9.75,18.30,18.30,19244058215
6/1/08,82089630,1506029479,504775666,1626065263,1799810744,270436871,552.47,131.63,60.8,314.16,287.13,146.1495238,1.6181,0.618008776,198.83,157.63,12.25,2,10.25,22.11,22.11,18572704209
7/1/08,92124697,1901275553,562927785,1975865187,1405623474,282122937,554.15,132.54,60.8,299.43,267.14,147.3569565,1.5906,0.628693575,200.84,159.59,13,2,11,24.32,24.32,20401417806
8/1/08,78018901,1219805263,520834406,1908527309,1950325659,330624343,471.07,114.37,60.8,304.16,235.16,146.4280952,1.6115,0.62053987,202.76,161.6,13,2,11,20.70,20.70,19678943462
9/1/08,69344952,900387877,529373779,2137911295,1107032760,441403388,433.38,99.83,60.8,263.05,233.95,143.2690909,1.7988,0.555926173,186.51,148.79,13.75,2,11.75,30.24,30.24,19091207639
10/1/08,94693266,524600381,643558531,1916838521,1450355813,475489531,338.78,71.93,60.8,202.77,183.02,123.5869565,2.1721,0.46038396,159.86,128.25,13.75,1,12.75,"	61.18","	61.18",18423675325
11/1/08,156554662,311204065,580222583,1372279398,1125021707,431973174,329.14,53.19,60.8,194.11,164.30,121.886,2.2655,0.441403664,157.47,127.57,13.75,1,12.75,"	62.67","	62.67",14057917989
12/1/08,248240567,332309772,567289939,983488091,1166799569,395226141,318.81,40.19,69.9826087,188.84,158.91,118.7921739,2.3936,0.417780749,147.56,120.35,13.75,0.125,13.625,"	52.41","	52.41",13692230755
1/1/09,234442364,252959462,563228405,1029200062,343638081,281088397,364.72,42.85,72.50909091,211.28,173.30,127.8072727,2.306642857,0.433530486,154.2,126.29,12.75,0.125,12.625,44.68,44.68,9663351384
2/1/09,126149660,264420003,439240337,993873188,504198570,303513459,341.27,41.37,75.59,195.22,163.40,129.4815,2.3119,0.43254466,156.68,128.63,12.75,0.125,12.625,45.57,45.57,9491899751
3/1/09,76382703,973432461,406931864,1318969157,305993424,301397627,333.66,46.43,64.07272727,199.10,164.58,128.52,2.32954375,0.429268607,157.59,129.31,11.25,0.125,11.125,44.80,44.80,11607785367
4/1/09,59932406,1541992716,404737456,1401430447,487157431,295847603,374.47,49.76,59.78181818,200.89,168.80,135.0781818,2.2051,0.453494173,162.68,133.81,10.25,0.125,10.125,38.06,38.06,12221834909
5/1/09,49377293,1723759803,661222519,803343943,602785281,261484697,422.36,58.03,62.69047619,227.19,180.07,150.492381,2.072647368,0.48247474,170.62,140.88,10.25,0.125,10.125,31.98,31.98,11921111818
6/1/09,25947012,2576884548,705648157,1010765844,557516944,315817824,445.11,68.70,71.65909091,227.31,179.39,149.7813636,1.95777619,0.510783615,179.06,148.05,9.25,0.125,9.125,29.14,29.14,14344895088
7/1/09,30053732,1467994595,761201854,1181081346,1278703323,263781788,398.09,64.88,83.95217391,195.33,151.80,140.8978261,1.936152632,0.516488206,180.69,149.86,8.75,0.125,8.625,26.16,26.16,14050671665
8/1/09,63463151,1306234492,719615293,1040735107,1347809214,338451181,408.96,71.80,97.66666667,179.55,152.04,149.7619048,1.84372381,0.542380586,188.2,155.76,8.75,0.125,8.625,25.34,25.34,13792127247
9/1/09,114928235,817739522,899802867,1252950493,765003495,352500491,349.05,68.15,80.71363636,156.93,150.59,148.51,1.821375,0.549035756,188.96,156.4,8.75,0.125,8.625,24.93,24.93,13801853467
10/1/09,123995318,315674629,859269608,1137282758,1169959459,351278349,354.86,74.01,86.78636364,163.73,167.28,154.5722727,1.7373,0.575605825,195.87,162.3,8.75,0.125,8.625,"	24.25","	24.25",14015803246
11/1/09,174621969,84128257,1022581469,971611056,1064318449,363732950,370.71,77.34,99.25714286,177.61,171.69,152.2104762,1.724176471,0.579987036,196.1,162.75,8.75,0.125,8.625,"	23.79","	23.79",12498222627
12/1/09,222856121,99044463,928078110,1098520069,923947375,361596244,379.30,74.69,105.2478261,171.16,164.61,157.943913,1.7468,0.572475384,194.85,161.86,8.75,0.125,8.625,"	21.24","	21.24",14382117617
1/1/10,165685024,45344090,763169604,962088687,1014449589,322342046,358.97,77.10,125.9142857,167.82,167.34,158.6557143,1.77218,0.564276766,192.37,160.61,8.75,0.125,8.625,20.64,20.64,11153005703
2/1/10,106938788,265511705,663017181,1165060812,1233618618,326243146,344.66,74.65,127.615,160.16,161.91,157.8565,1.84656,0.541547526,188.44,157.74,8.75,0.125,8.625,22.54,22.54,12066643269
3/1/10,73548732,1164902411,667020025,1429278088,1524449171,388014120,348.95,79.64,139.7695652,156.46,158.93,164.5026087,1.786347826,0.559801392,194.3,162.82,8.75,0.125,8.625,17.77,17.77,15637886925
4/1/10,45409120,1797294094,655027568,1439588863,1313601063,348204825,357.64,84.31,172.4681818,156.83,157.27,169.3895455,1.75847619,0.568674177,197.71,166.02,9.5,0.125,9.375,17.42,17.42,15074159639
5/1/10,19443506,2089591498,981373790,2190127351,1743693234,323691844,349.05,75.37,161.347619,158.33,163.24,173.3690476,1.802738889,0.554711504,196.57,165.54,9.5,0.125,9.375,31.93,31.93,17632178264
6/1/10,1594727,1488413735,1099694357,2324555243,1194755082,292831664,348.51,74.95,143.6318182,149.21,152.87,190.9031818,1.807768182,0.553168271,198.84,167.52,10.25,0.125,10.125,29.92,29.92,17012419860
7/1/10,50441701,1495975867,1235297381,2839883317,711758481,361589202,370.98,74.82,126.3636364,182.74,163.92,203.2136364,1.77052381,0.564804605,199.62,168.02,10.75,0.125,10.625,25.57,25.57,17555470535
8/1/10,214289299,1155819865,1369162800,3564136041,1392656997,485138298,379.46,76.02,145.3409091,219.88,175.60,211.59,1.759142857,0.568458665,199.19,167.2,10.75,0.125,10.625,24.75,24.75,19084996312
9/1/10,365303789,824129024,1455621045,3308731021,1299235347,540890713,390.23,76.34,140.6272727,240.43,205.84,222.7131818,1.720785714,0.581129883,202.24,169.92,10.75,0.125,10.625,22.52,22.52,18726305741
10/1/10,328543025,430532901,1347967227,3434997184,716646334,588213323,427.18,81.89,148.4809524,234.60,235.70,217.4390476,1.677070588,0.596277823,201.8,170.16,10.75,0.125,10.625,"	20.37","	20.37",18136570769
11/1/10,401733098,139526287,1500399668,2703607389,1333048223,590723991,459.96,84.47,160.55,241.84,238.24,233.5127273,1.712176471,0.584051946,199.27,168.88,10.75,0.125,10.625,"	20.10","	20.10",17558595004
12/1/10,441807449,145958502,1023562577,3505665637,2815505352,633402779,483.76,90.19,168.526087,274.46,250.63,249.443913,1.69695,0.589292554,203.38,172.73,10.75,0.125,10.625,"	17.57","	17.57",20795902805
1/1/11,251360803,107134951,727596585,2538728069,1188397798,564534322,511.10,93.06,179.63,295.99,265.29,263.7657143,1.673378947,0.597593272,204.22,174.31,11.25,0.125,11.125,17.32,17.32,15031610457
2/1/11,313850162,111012045,734734114,2734505152,1677645445,581678834,512.05,97.77,187.18,317.60,293.40,288.3885,1.667847368,0.599575248,203.8,174.23,11.25,0.125,11.125,17.43,17.43,16621034760
3/1/11,111557231,1383486048,839211487,2885060835,1143710739,643255598,498.74,108.63,169.3565217,285.38,290.43,292.0673913,1.658591304,0.602921285,203.31,174.13,11.75,0.125,11.625,20.72,20.72,19172557483
4/1/11,36907439,2417293269,811060568,3129301936,1536034093,605443392,501.47,116.43,179.2611111,307.25,318.94,300.4771429,1.592325,0.628012497,210.17,180.56,12,0.125,11.875,16.24,16.24,20083002562
5/1/11,12355162,2558511249,906517475,3607067329,2681815642,661242147,498.77,108.15,177.095,307.19,308.58,291.0659091,1.61227619,0.620241126,206.52,177.81,12,0.125,11.875,16.91,16.91,23057404066
6/1/11,5918086,2231998393,1401147425,3486533431,1776446066,593730916,499.77,106.03,170.8772727,285.30,310.54,274.9809091,1.587127273,0.630069193,209.46,180.44,12.25,0.125,12.125,19.15,19.15,22518366011
7/1/11,81370347,1841148599,1788269963,3741503803,2023005424,489329069,501.83,108.50,172.9761905,271.46,300.83,268.0214286,1.56362,0.639541577,212.3,182.94,12.5,0.125,12.375,19.23,19.23,22193042186
8/1/11,454828761,1898957277,1946708709,4469094839,2396571771,724986876,501.42,100.53,177.45,288.69,310.31,270.4404348,1.595665217,0.626697874,208.39,179.66,12.5,0.125,12.375,35.03,35.03,26076703082
9/1/11,504361247,1458146614,1649782250,4083706483,1379272432,779218542,490.91,100.77,177.2272727,272.34,296.30,274.8804545,1.738195238,0.575309366,195.27,168.53,12,0.125,11.875,36.53,36.53,23191369933
10/1/11,448579630,739963658,1479651325,3798356330,1750551624,828676993,446.02,100.15,150.4333333,251.59,274.85,247.8238095,1.779784211,0.561865868,192.71,166.67,11.5,0.125,11.375,"	32.83","	32.83",22056074475
11/1/11,261923019,878197383,1528399034,3670797474,1522508297,804926171,428.83,105.02,135.5409091,244.54,274.28,245.0872727,1.774017647,0.563692251,192.51,167.16,11.5,0.125,11.375,"	31.94","	31.94",21666081911
12/1/11,232079270,696235790,1127420665,3672558174,2527356605,747930900,420.05,103.77,136.455,236.06,258.52,236.2977273,1.831116667,0.546114848,189.3,164.78,11,0.125,10.875,"	25.05","	25.05",21999062581
1/1/12,243092698,461791913,745050324,1834601691,1553983918,560267092,441.73,106.71,140.347619,243.70,272.92,237.2068182,1.791665,0.558140054,194.43,169.64,10.5,0.125,10.375,20.23,20.23,15949177033
2/1/12,81774352,715515063,796498380,2187260202,1665703505,532835056,461.56,112.71,140.3952381,245.98,279.51,224.157619,1.71965,0.58151368,199.84,174.5,10.5,0.125,10.375,18.42,18.42,17926499266
3/1/12,79791045,2062711601,589357363,2775669082,2115644731,512901219,496.29,117.83,144.6636364,243.49,280.72,201.2559091,1.790177273,0.558603897,192.21,167.17,9.75,0.125,9.625,16.17,16.17,20739368495
4/1/12,45728642,2261503830,319722374,2566938042,2250984794,437539218,529.42,113.76,147.6473684,228.09,274.22,191.4485714,1.850338095,0.540441773,186.34,162.58,9,0.125,8.875,17.82,17.82,19461604595
5/1/12,45646737,3841228880,967071243,2752947996,1779810230,428482261,520.93,104.34,136.2727273,228.88,268.88,184.3647826,1.974995455,0.506330279,176.7,154.71,8.5,0.125,8.375,21.00,21.00,23146072472
6/1/12,35208531,2591946308,881731287,2747893180,1065155301,366749946,522.33,90.91,134.6210526,241.97,267.33,168.6866667,2.047771429,0.488335752,172.91,151.64,8.5,0.125,8.375,21.13,21.13,19181689510
7/1/12,422935468,2249733126,1308287250,2843109430,1348032731,378347721,609.45,96.95,127.9363636,310.75,333.00,190.4459091,2.02927619,0.492786544,175.11,154.24,8,0.125,7.875,17.57,17.57,20837121787
8/1/12,725992467,1426016258,1269990049,2757446551,2334215899,467087071,622.91,105.62,107.7954545,315.55,332.23,174.8243478,2.029995652,0.492611893,174.2,153.32,7.5,0.125,7.375,15.69,15.69,22241316256
9/1/12,852636648,1009436666,1346396230,2432265981,1496664060,413106044,615.18,106.40,99.47,316.65,320.71,178.977,2.028473684,0.4929815,172.38,151.78,7.5,0.125,7.375,15.28,15.28,19890116135
10/1/12,993362815,573738630,1992648253,2642347027,794293561,572226340,565.53,103.27,113.9478261,318.41,321.38,173.3173913,2.030615,0.492461643,171.63,151.74,7.25,0.125,7.125,"	16.28","	16.28",21187492462
11/1/12,1075482679,166140844,1432699468,2637408019,1573939101,529570653,533.03,101.25,120.3454545,319.46,321.60,159.9063636,2.06046,0.485328519,169.47,150.75,7.25,0.125,7.125,"	16.70","	16.70",19707711615
12/1/12,779844359,90022497,1195084313,2811405316,2311014633,539554652,534.79,101.41,128.8736842,303.04,308.75,152.707619,2.083405556,0.479983361,167.7,149.87,7.25,0.125,7.125,"	17.31","	17.31",19684368532
1/1/13,960789666,257122,1105406438,2257895056,473627148,469045840,526.05,105.15,150.4909091,288.21,303.36,157.0373913,2.032565,0.491989186,171.48,154.35,7.25,0.125,7.125,13.51,13.51,15757148192
2/1/13,659314482,516592214,868234330,2127173825,1032223564,363515969,536.38,107.64,154.6388889,271.68,302.61,149.459,1.973610526,0.506685583,177.34,159.58,7.25,0.125,7.125,14.07,14.07,15478937787
3/1/13,478507874,1910515708,902014704,2500197565,1290215651,424810763,536.08,102.83,139.87,263.34,309.58,149.8080952,1.981531579,0.504660138,178.46,160.96,7.25,0.125,7.125,13.03,13.03,18360470433
4/1/13,183022153,3797342586,774789925,2535726834,675674329,434511238,517.79,98.84,137.3909091,264.17,279.76,149.7868182,2.003114286,0.499222639,176.76,160.12,7.5,0.125,7.375,13.97,13.97,20550843458
5/1/13,78991506,4152649753,850634823,2950349608,1096947164,398748755,542.20,99.42,124.0095238,276.05,295.37,147.186087,2.029231818,0.492797319,174.57,158.6,8,0.125,7.875,13.49,13.49,21654862456
6/1/13,73540792,3437194975,958215165,2591040236,728298305,340700035,560.16,99.84,114.815,266.85,297.11,138.2595,2.166294444,0.461617765,164.29,149.33,8,0.125,7.875,17.27,17.27,19331841435
7/1/13,187166825,3059711867,964355619,2665901411,692159279,295560904,548.35,105.34,127.1913043,257.47,279.01,138.3873913,2.246445,0.445147778,159.33,144.72,8.5,0.125,8.375,13.97,13.97,20357391663
8/1/13,710589591,2894181791,1369293400,2640517920,1088007005,358646931,498.05,108.19,137.055,258.93,234.94,135.1540909,2.338454545,0.427632858,152.97,138.87,9,0.125,8.875,14.21,14.21,21214505830
9/1/13,774504142,1851415204,1052207335,2789840363,1553745089,358129830,503.24,108.81,134.1857143,257.50,207.49,132.2814286,2.272535,0.440037227,157.72,142.98,9,0.125,8.875,14.69,14.69,20745602464
10/1/13,809430922,819712043,1093059608,3219179400,980880521,425879606,472.83,105.68,132.5727273,278.15,201.78,128.6986957,2.194582353,0.455667566,162.51,148.06,9.5,0.125,9.375,"	15.41","	15.41",20636722332
11/1/13,780444347,349309289,934777402,3008831750,1574217480,378089020,476.66,102.69,136.3238095,259.78,199.18,122.0180952,2.288789474,0.436912181,156.52,143.21,10,0.125,9.875,"	12.92","	12.92",18918406070
12/1/13,611096394,23416589,969217055,3204876763,1770642759,348241811,488.67,105.63,135.7904762,246.11,197.55,125.7354545,2.345915789,0.426272761,153.56,141.36,10,0.125,9.875,"	14.19","	14.19",19537523486
1/1/14,577241086,17809847,853906844,2482323823,1111427967,339829200,476.10,102.22,128.1190476,229.98,198.77,132.5182609,2.381565,0.419891962,153.38,141.43,10.5,0.125,10.375,14.24,14.24,15741666773
2/1/14,213795108,1385831718,702208586,2192735504,795776216,363084152,496.80,104.93,121.37,242.80,209.36,173.6435,2.388110526,0.418741088,154.87,142.82,10.75,0.125,10.625,15.47,15.47,15825850012
3/1/14,128204065,3147580092,587482469,2391705899,975556663,410142032,522.00,104.26,111.8333333,275.61,222.39,214.0866667,2.328194737,0.429517336,158.66,146.89,10.75,0.125,10.625,14.84,14.84,17467727891
4/1/14,138586663,4134746497,483269243,2063402929,1078400943,501313775,547.19,105.00,114.5809524,276.38,222.43,223.4940909,2.234790476,0.447469242,165.25,153.5,11,0.125,10.875,14.20,14.20,19577249934
5/1/14,33311555,3866208695,585773671,2593557860,1435633109,504287913,546.03,105.79,100.56,287.91,216.98,214.2027273,2.220280952,0.450393451,166.09,154.56,11,0.125,10.875,12.48,12.48,20540376531
6/1/14,20117216,3571995210,754582901,2311931389,1417716022,500412018,528.00,108.55,92.85238095,261.65,202.63,197.8909524,2.23486,0.447455322,165.64,154.49,11,0.125,10.875,11.54,11.54,20288075461
7/1/14,120008911,3151183394,995812959,2185525680,2602570856,522637923,463.23,105.46,96.26086957,238.55,182.29,196.8952174,2.221540909,0.450138008,166.47,155.16,11,0.125,10.875,12.30,12.30,21921458082
8/1/14,476017387,2135354923,944516582,1908706377,1488898574,511635286,432.99,100.11,94.14285714,229.16,176.48,212.9652381,2.269352381,0.440654351,164.45,153.35,11,0.125,10.875,13.49,13.49,19224653901
9/1/14,501151668,1347500294,892907958,2226334730,1327191738,556245970,368.85,95.83,84.52272727,211.17,163.13,210.5263636,2.327242857,0.429693015,162.15,151.5,11,0.125,10.875,13.47,13.47,19370174258
10/1/14,566540235,363993310,1068728965,1890397062,1301089962,645263024,354.44,86.12,81.30434783,210.72,163.38,225.2856522,2.450419048,0.408093465,156.01,146.21,11.25,0.125,11.125,"	18.06","	18.06",18169787901
11/1/14,528606945,81601150,768917705,1579645195,1376055404,573776041,379.34,77.02,74.425,215.99,178.71,209.376,2.546366667,0.392716419,151.41,142.71,11.25,0.125,11.125,"	13.41","	13.41",15506384370
12/1/14,628227720,73572924,820831781,1992823728,1446468424,623305167,378.78,60.62,68.67391304,234.86,178.71,193.386087,2.6327,0.379838189,148.6,141.07,11.75,0.125,11.625,"	16.29","	16.29",17289831724
1/1/15,598388060,35102725,836644689,1196692144,1188714755,546590594,367.49,47.66,69.06818182,213.02,174.79,189.6263636,2.633536842,0.37971749,151.44,145.98,12.25,0.125,12.125,19.12,19.12,13481501333
2/1/15,208443263,346160419,380536380,1268483729,676721582,494410196,364.74,55.01,63.8,201.74,173.76,178.8885,2.804455556,0.356575449,143.04,138.68,12.25,0.125,12.125,15.90,15.90,12010576962
3/1/15,136825201,2211790279,763927858,1387464343,849864532,520853992,359.60,52.87,58.18181818,202.69,174.29,160.7359091,3.112635,0.321271206,130.37,127.48,12.75,0.125,12.625,14.81,14.81,16748831110
4/1/15,52624606,2534258174,308367014,1162027319,1088393646,469455357,356.93,57.55,52.11363636,195.93,172.15,163.9977273,3.057968182,0.327014521,133.68,131.31,13.25,0.125,13.125,13.49,13.49,14986768884
5/1/15,10370729,3612716728,617159245,930577393,1149737010,435340038,351.95,62.59,60.42857143,193.22,166.35,158.4828571,3.051778947,0.327677731,132.33,130.56,13.25,0.125,13.125,13.34,13.34,16625676410
6/1/15,26416053,3762210842,642312283,1217944107,1445919872,393588551,354.82,61.42,61.84090909,199.84,166.81,159.755,3.115504545,0.320975298,130.45,129.46,13.75,0.125,13.625,14.34,14.34,18746127441
7/1/15,221496730,3224052598,727791050,1365214302,1001822226,406894236,372.35,54.67,52.17391304,199.22,179.61,154.4465217,3.2147,0.311071018,127.66,127.35,14.25,0.125,14.125,14.35,14.35,18334876601
8/1/15,393123299,2004886432,546483369,971294358,1132640741,424885916,347.02,46.14,57.33333333,173.52,162.74,156.9233333,3.502271429,0.285528983,118.41,118.1,14.25,0.125,14.125,19.43,19.43,15320171814
9/1/15,582222900,1429975247,536546152,1265744362,788145147,457773314,323.55,46.24,56.97727273,164.07,166.08,146.1468182,3.89092381,0.257008374,107.21,107.31,14.25,0.125,14.125,24.38,24.38,15467635572
10/1/15,924204375,989567116,751279032,1095969920,911490991,502724908,327.42,47.01,53.65909091,165.45,171.45,153.2504545,3.885566667,0.257362718,107.01,107.84,14.25,0.125,14.125,"	16.79","	16.79",15762365201
11/1/15,805009736,551133264,696744073,900816371,671700966,461776768,319.08,43.09,47.19047619,157.80,166.09,147.9785714,3.784838889,0.264212039,111.67,113.59,14.25,0.125,14.125,"	16.21","	16.21",13603593709
12/1/15,1049736421,281720842,833500927,1274875275,876172681,450696173,323.32,36.69,40.8826087,163.89,164.00,148.6121739,3.868672727,0.258486585,110.73,113.26,14.25,0.375,13.875,"	18.03","	18.03",15694230026
1/1/16,736581615,147635092,432945631,656110272,811490285,363995453,323.20,30.43,42.2047619,164.61,161.10,145.4347619,4.045726316,0.247174406,109.16,112.88,14.25,0.375,13.875,23.72,23.72,11024617489
2/1/16,893620539,715347987,800392325,685591641,512908284,397886180,320.13,31.27,46.48571429,159.28,159.72,147.6971429,3.96851,0.251983742,111.59,115.55,14.25,0.375,13.875,22.52,22.52,13103865483
3/1/16,348965623,2924902326,627385084,776310026,510255830,406546782,326.94,37.71,56.53913043,164.06,159.23,157.6313043,3.72143913,0.268713249,118.3,122.39,14.25,0.375,13.875,15.85,15.85,15845539947
4/1/16,66016550,3532371105,486422274,960801118,700856490,326513518,353.80,41.23,60.96666667,163.39,164.47,154.217619,3.569647619,0.280139696,121.27,125.65,14.25,0.375,13.875,14.30,14.30,15082231392
5/1/16,8371773,3600309132,670938634,1341709579,532942269,315103876,388.51,46.31,55.88636364,157.56,169.00,155.1945455,3.530080952,0.283279623,122.65,127.44,14.25,0.375,13.875,14.85,14.85,16596334743
6/1/16,7262171,2971369089,909915443,1082605229,966238336,304468687,421.23,48.33,52.34090909,156.70,179.91,165.4522727,3.441390909,0.290580183,126.6,131.44,14.25,0.375,13.875,17.77,17.77,16602945756
7/1/16,186534841,2424555157,1063015015,996427651,906794893,272278700,390.40,44.65,57.30952381,133.71,161.82,171.7638095,3.275795,0.305269408,134.03,139.69,14.25,0.375,13.875,13.16,13.16,15142715725
8/1/16,434417114,1590492888,1130169553,1255996605,1068827215,423186841,370.32,45.26,60.86956522,127.90,150.22,167.5413043,3.209056522,0.31161807,135.84,142.1,14.25,0.375,13.875,12.40,12.40,16863031142
9/1/16,497365799,606519905,1249711424,1420275789,1102110579,459622339,355.90,45.42,57.65909091,123.25,148.51,176.2954545,3.255771429,0.307146869,134.71,140.43,14.25,0.375,13.875,14.22,14.22,15684375284
10/1/16,194536213,413785766,869953947,1110600617,1110381319,513528677,358.39,50.01,58.95238095,122.56,152.62,178.9552381,3.185245,0.313947593,138.53,144.23,14,0.375,13.625,"	14.59","	14.59",13594442203
11/1/16,171876249,130913191,1088582533,1233893741,1161052572,536859379,368.37,45.48,74.13636364,122.55,151.33,184.1154545,3.34143,0.299273066,134.46,140.08,14,0.375,13.625,"	15.24","	15.24",14212824778
12/1/16,194374728,273121796,1105422682,1769019639,689946794,535637211,375.29,53.07,79.43181818,122.85,152.73,161.7809091,3.351668182,0.29835889,135.95,141.62,13.75,0.625,13.125,"	12.47","	12.47",15773205272
1/1/17,248624473,364832837,955397249,1620234340,1764351878,432851654,379.59,53.95,80.81818182,137.15,160.01,168.6127273,3.195986364,0.312892449,142.27,148.24,13,0.625,12.375,11.61,11.61,14827875770
2/1/17,88296284,1404183305,791123642,1469341168,2072786736,408380469,380.87,54.61,88.95,147.36,162.96,166.351,3.103588889,0.322207623,145.15,151,12.25,0.625,11.625,11.53,11.53,15275976600
3/1/17,44483250,3534057617,735188910,2326461650,1311569792,436433415,366.10,51.01,87.19565217,146.43,158.98,160.1504348,3.127330435,0.319761541,143.71,149.42,12.25,0.875,11.375,11.90,11.90,19854737707
4/1/17,28592258,3948237434,723868885,1622611038,1000108138,330701755,347.86,52.57,70.4,138.41,156.54,155.574,3.135572222,0.318921055,142.6,147.82,11.25,0.875,10.375,13.14,13.14,17484572350
5/1/17,54947837,4063422621,1036223219,1651576679,1084230722,387674638,350.18,50.02,61.63043478,146.44,158.60,150,3.208704545,0.311652253,138.9,144.25,11.25,0.875,10.375,10.86,10.86,19726040175
6/1/17,96485265,3353721793,1272802505,1365731282,1974958218,310549505,339.73,46.40,57.86363636,157.25,157.97,143.2227273,3.294766667,0.30351163,134.4,139.06,10.25,1.125,9.125,10.51,10.51,19535151809
7/1/17,359464269,2534393319,1040681112,1178013686,1559444334,255529664,365.45,47.88,66.73809524,174.53,157.61,149.8028571,3.205538095,0.311960105,137.54,142.48,9.25,1.125,8.125,10.26,10.26,17658900096
8/1/17,820124507,2236097286,1048111414,1334698333,1346375839,385773452,345.41,50.08,74.58695652,139.05,148.54,149.8773913,3.150313043,0.317428772,138.77,143.44,9.25,1.125,8.125,11.98,11.98,19336799997
9/1/17,921372421,1610496252,1283502984,1608208893,1224510541,360600849,353.86,53.07,69.23809524,138.41,147.32,146.5604762,3.13419,0.319061703,138.46,142.63,8.25,1.125,7.125,10.44,10.44,18533214138
10/1/17,781688661,939520529,1030571140,1969725055,1234826311,441424393,358.28,54.96,61.04545455,133.34,148.72,140.7095455,3.190638095,0.313416931,137.36,141.77,7.5,1.125,6.375,"	10.13","	10.13",18694329848
11/1/17,550645733,815375845,792649534,1522118933,877012429,443296821,361.41,60.05,63.40909091,138.05,148.79,140.9040909,3.258735,0.306867542,134.63,139.11,7.5,1.125,6.375,"	10.54","	10.54",16584235219
12/1/17,636320825,913398157,701806372,1530433143,1174849249,420271894,357.15,61.12,71.73809524,147.10,149.09,137.3061905,3.29131,0.30383039,132.78,137.15,7,1.375,5.625,"	10.26","	10.26",17476274644
1/1/18,472848154,594256424,562777666,1531067584,2097812220,418830377,356.87,66.17,75.7826087,156.39,155.92,138.876087,3.209986364,0.311527803,134.49,139.02,7,1.375,5.625,11.06,11.06,16769724658
2/1/18,203740484,1093260308,505853380,1257556973,1526352825,362635725,371.23,63.52,77.65,172.29,163.46,136.2835,3.240905556,0.308555736,132.38,136.22,6.75,1.375,5.375,22.46,22.46,15801987736
3/1/18,106668768,3434666892,592912973,1677461093,1697297641,354321840,381.89,64.55,71.31818182,180.92,172.08,134.9390909,3.278614286,0.305006906,131.47,135.15,6.5,1.625,4.875,19.02,19.02,20228663646
4/1/18,22772376,4112601510,341911115,1485277981,1866534138,297123238,381.27,68.97,66.33333333,180.38,175.60,134.3395238,3.4069,0.29352197,126.9,130.25,6.5,1.625,4.875,18.27,18.27,19678336251
5/1/18,11134936,4998529250,634493260,1640389740,1659626149,214755798,374.85,73.64,66.63043478,192.70,179.18,135.6095652,3.635461905,0.27506821,122.8,126.03,6.5,1.625,4.875,14.12,14.12,19271601072
6/1/18,32229314,4199194498,572707937,1639853503,1259349635,311144891,339.96,72.33,66.85714286,193.08,165.14,134.0338095,3.772571429,0.265071191,120.42,124.63,6.5,1.875,4.625,13.68,13.68,19830021392
7/1/18,208788720,4078914129,539549575,1811673214,3465354755,182804898,312.56,73.02,67.04545455,196.81,156.55,130.5986364,3.828136364,0.261223714,120.07,124.29,6.5,1.875,4.625,13.15,13.15,21055288607
8/1/18,500450823,3209663475,507633964,1642962475,1992925509,321371627,316.66,71.46,68.02173913,211.29,162.52,125.2108696,3.929156522,0.25450755,118.97,122.29,6.5,1.875,4.625,12.55,12.55,20084138252
9/1/18,593341937,1814546296,709352013,1767362512,2598198043,403357413,306.43,75.43,68.8,191.14,154.95,121.18,4.115947368,0.242957431,115.95,118.71,6.5,2.125,4.375,12.91,12.91,19041023535
10/1/18,549170060,2048367808,562515399,2071844497,3167494992,434354216,315.85,76.77,72.02173913,188.46,160.37,137.3417391,3.757804545,0.266112829,127.33,130.16,6.5,2.125,4.375,"	19.35","	19.35",21671364889
11/1/18,644467337,1898533438,545596854,1862400909,2084912510,517084495,322.28,62.37,72.29545455,181.55,160.88,137.1077273,3.786015,0.264129963,127.13,129.68,6.5,2.125,4.375,"	19.39","	19.39",19199739213
12/1/18,648038687,1572493222,449745521,1832508951,1835460249,553949037,330.48,54.18,68.9047619,188.54,167.49,127.0585714,3.884405,0.257439685,123.8,126.25,6.5,2.375,4.125,"	24.95","	24.95",19257634148
1/1/19,658063329,768708881,301850712,1712960559,2002123062,409113262,333.78,56.78,75.2,188.84,166.85,128.3573913,3.741054545,0.267304309,127.29,130.11,6.5,2.375,4.125,19.57,19.57,16638094632
2/1/19,278785018,1874532678,339221688,1537684543,1493403028,407607723,334.50,61.31,87.59,177.92,169.66,128.454,3.723025,0.268598787,128.24,130.55,6.5,2.375,4.125,15.23,15.23,15618080347
3/1/19,151683283,3021084017,296806678,1401741743,1833516900,413144690,329.24,64.02,87.07142857,164.51,166.32,123.8885714,3.845884211,0.260018229,125.17,127.55,6.5,2.375,4.125,14.49,14.49,17308721624
4/1/19,69667288,3303997489,354564750,1136938757,2941230415,340212770,324.25,68.76,94.5,159.03,161.65,120.9904545,3.895557143,0.256702691,124,126.32,6.5,2.375,4.125,12.95,12.95,19090646313
5/1/19,178345712,3403863079,444693202,1943570476,2161957586,389753469,305.31,66.60,101.7608696,158.28,171.18,120.5491304,4.000918182,0.249942627,122.23,124.17,6.5,2.375,4.125,16.72,16.72,20500498556
6/1/19,206637965,2883859212,449379571,2062176318,1580083571,321777129,326.61,59.60,109.55,174.70,195.17,129.7235,3.858226316,0.259186455,126.12,127.81,6.5,2.375,4.125,15.84,15.84,18306721692
7/1/19,1018946870,2598549629,525585537,2561082065,1557812852,339237443,325.47,61.52,119.5869565,163.88,189.49,135.4704348,3.778713043,0.264640365,128.26,129.91,6.5,2.375,4.125,13.31,13.31,19920683762
8/1/19,1246103700,1764063287,463722104,2808884917,1902416970,374622459,314.63,57.65,93.5,149.36,163.63,126.2795455,4.019381818,0.248794478,124.54,125.64,6,2.125,3.875,18.98,18.98,19565551588
9/1/19,1064953647,1633718760,485566021,2077343333,2093208682,384157117,322.45,60.05,92.26190476,146.57,157.37,128.8942857,4.1209,0.242665437,122.64,122.76,5.5,1.875,3.625,15.56,15.56,18620814373
10/1/19,993719552,1825879413,543961944,2121622093,2027454180,397867544,339.87,57.49,88.58695652,153.22,167.30,127.0513043,4.086386957,0.244714955,123.4,122.86,5,1.625,3.375,"	15.47","	15.47",19483912811
11/1/19,697921943,1807969298,561101635,1820355001,1403231067,408101053,332.96,60.19,82.9047619,157.53,166.36,140.9814286,4.154725,0.240689817,121.5,121.11,5,1.625,3.375,"	12.52","	12.52",17609813357
12/1/19,724720962,1190964452,412685546,1498030840,3203100988,399254093,334.95,63.22,90.97727273,165.25,167.06,156.0290909,4.108880952,0.243375267,122.49,122.93,4.5,1.625,2.875,"	13.76","	13.76",18463268592
1/1/20,356689332,504798698,470711867,1741287612,1707992437,358797368,337.08,61.58,95.2173913,178.24,171.81,142.9365217,4.146777273,0.241151124,121.04,121.34,4.5,1.625,2.875,13.94,13.94,14429715267
2/1/20,69884377,1692768740,383995196,1481836488,2316023793,381421716,325.43,53.45,87.625,172.23,168.74,135.5005,4.341838889,0.23031716,116.9,116.88,4.25,1.625,2.625,19.63,19.63,15356449520
3/1/20,89871675,3742530966,420072892,1361697455,2023525022,411337985,319.34,32.26,88.65909091,170.87,162.18,148.3272727,4.883218182,0.204782986,105.7,105.71,3.75,0.125,3.625,57.74,57.74,18312350349
4/1/20,4334161,5030997690,443106126,1621627221,1817132846,366811067,309.99,23.34,83.75,179.75,147.01,154.6304545,5.324985,0.187793956,98.69,98.65,3.75,0.125,3.625,41.45,41.45,17593798650
5/1/20,6707094,4700002060,714025287,1383086076,1386002199,468927660,309.33,31.27,91.33333333,174.95,143.99,149.9161905,5.64285,0.177215414,92.81,92.46,3,0.125,2.875,30.90,30.90,17519841090
6/1/20,50887112,4295970050,731670150,1901104678,1156303096,282782759,318.64,39.75,103.3409091,169.72,148.04,141.52,5.195995238,0.192455912,99.59,99.02,2.25,0.125,2.125,31.12,31.12,17478971342
7/1/20,633360444,3458632060,910550241,2397908393,1928276214,325705087,328.94,42.18,108.0217391,170.57,152.59,146.7808696,5.279595652,0.189408444,97.24,96.63,2.25,0.125,2.125,26.84,26.84,19416007176
8/1/20,996796036,2063686198,864021522,2376108123,1496515259,372577286,332.14,43.79,120.0714286,174.18,149.39,163.0714286,5.460633333,0.183128941,93.64,92.96,2,0.125,1.875,22.89,22.89,17403775488
9/1/20,1038565909,1556970053,951976103,3107616354,1471324612,436909844,366.82,40.97,123,204.14,166.60,166.5645455,5.398880952,0.185223569,94.24,93.8,2,0.125,1.875,27.65,27.65,18223387712
10/1/20,834605961,885443582,1135320500,2804687444,1262950881,468350786,387.58,40.61,119.25,203.43,186.77,152.0568182,5.625190476,0.177771758,90.5,90.52,2,0.125,1.875,"	29.44","	29.44",17649335596
11/1/20,844373664,528666792,858217136,2595566905,1459084686,580752294,419.59,42.97,123.5238095,210.75,190.63,150.7261905,5.417235,0.184596016,92.83,93.62,2,0.125,1.875,"	25.00","	25.00",17344900538
12/1/20,926927518,103680351,860520663,3016703865,1588726883,541931284,443.66,49.02,153.0652174,217.31,199.18,157.9526087,5.144945455,0.19436552,96.84,98.4,2,0.125,1.875,"	22.37","	22.37",18451708927
1/1/21,459352532,23267167,608785040,2799153139,1591315839,468433182,504.31,53.91,166.7380952,237.94,231.75,160.8195238,5.3556,0.186720442,93.36,94.51,2,0.125,1.875,24.91,24.91,14947626003
2/1/21,169266889,1036131032,587511683,2930956243,1877907033,415947832,507.82,60.95,162.325,240.81,245.55,166.429,5.415894444,0.184641708,92.64,93.82,2,0.125,1.875,23.14,23.14,16375290870
3/1/21,74263099,5045797648,638602935,3679472345,2661483587,538153838,519.88,64.09,166.7391304,229.89,245.76,167.0508696,5.645547826,0.177130729,89.77,91.14,2.75,0.125,2.625,21.84,21.84,24335759852
4/1/21,31838413,6665535984,588353633,3436620605,2826701536,466708485,537.42,63.36,178.25,239.94,268.62,168.6486364,5.561535,0.179806474,91.06,92.2,2.75,0.125,2.625,17.42,17.42,26059431856
5/1/21,4113404,6707871572,809522230,3575237545,2230682322,435283835,576.97,66.63,202.8571429,278.45,304.30,186.4628571,5.290447619,0.189019923,94.91,96.4,3.5,0.125,3.375,19.76,19.76,26200662606
6/1/21,22022096,5173983522,918075646,5267295310,3743887034,411036550,537.36,72.06,215.8157895,238.77,292.52,192.0645455,5.031304762,0.198755601,100.35,101.92,4.25,0.125,4.125,16.96,16.96,28257895138
7/1/21,402796271,3983584471,824563720,5040514596,2058804985,337343193,523.57,73.04,214.3409091,243.63,278.45,204.5009091,5.156027273,0.193947772,99.16,101.12,4.25,0.125,4.125,17.60,17.60,25508595503
8/1/21,832740996,3144567474,870268366,5612825309,3204026884,431538124,504.04,69.06,162.0909091,274.88,257.02,216.4345455,5.251122727,0.190435465,97.54,99.88,5.25,0.125,5.125,17.47,17.47,27216375900
9/1/21,534134910,2458493179,855804960,4067901649,2486562157,472624459,469.44,73.01,113.71875,269.73,235.82,225.5368182,5.279090476,0.18942657,97.42,100.29,6.25,0.125,6.125,19.82,19.82,24376129510
10/1/21,379965120,1719369047,827881879,3208897280,2985889023,560524850,452.02,82.22,114.4761905,294.04,239.60,241.0733333,5.539375,0.180525781,93.2,96.23,7.75,0.125,7.625,"	17.87","	17.87",22602637234
11/1/21,513251208,1321125517,929520699,2633020543,1934787450,572873698,454.58,79.55,90.13157895,317.44,248.77,258.9781818,5.55626,0.179977179,93.39,96.77,7.75,0.125,7.625,"	18.50","	18.50",20501766210
12/1/21,765101509,1359004129,727515623,2408757670,3006933960,722788560,473.81,73.11,110.4565217,324.02,264.57,268.3291304,5.650604348,0.176972221,92.51,95.95,9.25,0.125,9.125,"	21.35","	21.35",24432406778
1/1/22,669812337,1241913090,518470999,1939562041,2151151388,661161295,514.45,84.12,133.0454545,326.08,276.72,271.0814286,5.533504762,0.180717293,94.27,97.56,9.25,0.125,9.125,23.18,23.18,19779928894
2/1/22,205805698,3135535476,674772589,1762036790,3938875347,830150131,583.69,92.47,139.7,347.50,292.67,279.8335,5.195978947,0.192456515,100.65,103.94,10.75,0.125,10.625,25.75,25.75,23513305117
3/1/22,6181856,6463669703,558846646,2817665204,3479507047,825634677,617.20,109.48,147.3478261,387.67,335.93,258.9934783,4.967781818,0.201297085,106.65,110.12,11.75,0.375,11.375,26.97,26.97,29422320196
4/1/22,231815124,6757748276,507582656,2498767775,3021133133,683001177,618.14,103.63,146.6666667,406.03,348.51,265.397619,4.757415789,0.21019815,112.94,116.62,11.75,0.375,11.375,24.37,24.37,28969694687
5/1/22,375218324,6614105349,604566769,2737665721,3097566778,587515292,617.12,109.90,131.0909091,444.16,344.91,260.4495455,4.95445,0.201838751,110.16,113.27,12.75,0.875,11.875,29.31,29.31,29642851197
6/1/22,313127853,6306053953,923865415,3080720119,3971869769,724972636,621.20,114.74,131.0454545,397.65,335.72,273.7636364,5.048609524,0.19807434,109,111.55,13.25,1.625,11.625,28.23,28.23,32742194543
7/1/22,1151354523,4721997992,1144008856,2833850816,3465106338,592522168,571.00,102.50,109.047619,321.98,312.68,255.9066667,5.36747619,0.186307301,104.39,105.12,13.25,2.375,10.875,25.00,25.00,29844324640
8/1/22,2025847902,3732402585,1196682165,2574685738,3928197173,559274876,576.82,95.68,109.0652174,323.02,293.93,268.4834783,5.1404875,0.194534079,109.64,109.17,13.75,2.375,11.375,22.17,22.17,30786908834
9/1/22,1809221726,2505176488,1234658509,2760982127,3464156399,673371596,537.55,88.25,100.8409091,346.32,312.55,267.4922727,5.236357143,0.190972459,110.55,108.65,13.75,3.125,10.625,27.34,27.34,28587334142
10/1/22,1908625648,2333963206,1299867270,1839946217,2959747613,818735724,507.54,90.74,94.61904762,353.71,343.55,240.082381,5.249695,0.190487257,112.06,109.64,13.75,3.125,10.625,"	30.01","	30.01",26852476461
11/1/22,1677032153,1548553519,1394786753,2009084769,4569070993,887424503,529.75,86.54,94.56818182,344.33,320.93,213.7181818,5.274055,0.189607427,110.41,108.01,13.75,3.875,9.875,"	23.30","	23.30",27652303451
12/1/22,1810380336,1197420177,952490043,2069380184,4507383498,698725306,541.83,78.31,111.4090909,323.65,302.24,210.3886364,5.241831818,0.190773004,109.44,107.24,13.75,4.375,9.375,"	21.78","	21.78",26342396058
1/1/23,1765074385,500406477,895355975,1816158463,3129362844,628952677,555.51,81.08,122.4318182,320.10,302.84,206.76,5.200081818,0.192304667,109.19,106.64,13.75,4.375,9.375,20.17,20.17,22796014477
2/1/23,678147263,2813229185,522904846,1963985840,1194413455,440777061,561.29,80.65,127.075,332.41,298.25,229.506,5.171088889,0.193382868,110.9,108.17,13.75,4.625,9.125,20.12,20.12,20241628657
3/1/23,401744620,7361533614,832705717,2376761067,5520902205,603132214,547.23,76.96,127.9782609,309.43,284.96,222.663913,5.21086087,0.19190687,111.01,108.07,13.75,4.875,8.875,21.64,21.64,32822911866
4/1/23,146507837,7749793839,461774691,2211597029,2393081486,525393075,546.87,82.02,117.125,312.81,291.18,229.9555,5.019133333,0.199237584,115.06,111.66,13.75,4.875,8.875,17.82,17.82,27100302410
5/1/23,127443455,8115628761,1177032613,2933621798,3519997846,540171334,508.35,74.07,104.5217391,299.44,268.17,220.1213043,4.982240909,0.200712896,117.24,113.29,13.75,5.125,8.625,17.64,17.64,32666140787
6/1/23,270698067,6821980473,1426827041,2451556255,2803459014,534955293,526.30,73.34,113.0909091,282.28,266.94,207.385,4.850966667,0.20614448,121.47,116.49,13.75,5.125,8.625,14.00,14.00,29600309149
7/1/23,1035708546,4736404396,1484452233,2410740898,3642496370,517873028,555.11,78.84047619,113.9761905,278.62,235.2719473,193.4942857,4.800233333,0.208323207,123.16,117.32,13.75,5.375,8.375,13.93,13.93,28300073730
8/1/23,2236761929,4193993160,1810115330,2855719030,3885418339,657774123,510.15,84.22130435,109.6086957,241.41,207.6758887,186.3469565,4.902943478,0.203959112,123.98,116.76,13.25,5.375,7.875,15.85,15.85,31101089774
9/1/23,1993699774,3302415237,1622942987,2743337504,4304957390,577295857,487.15,91.71761905,120.4285714,229.39,223.8476664,183.5890476,4.93639,0.202577187,125.02,116.63,12.75,5.375,7.375,15.17,15.17,28713085056
10/1/23,1902655364,2931693905,1539946611,2758682606,4225096703,807387307,471.93,87.73484848,118.75,216.46,221.9025188,183.9513636,5.064242857,0.197462884,122.96,114.12,12.75,5.375,7.375,"	18.89","	18.89",29681867318
11/1/23,1678407462,2727096294,1939140711,2563526076,4442158130,738161778,494.35,80.80090909,131.25,216.00,209.0402968,197.4331818,4.897735,0.204176012,125.43,115.81,12.25,5.375,6.875,"	14.02","	14.02",27886116219
12/1/23,1376168228,1990444086,2037854810,3507752422,3549804815,778939460,481.49,75.71,137.547619,229.63,207.3979689,210.3104762,4.89664,0.20422167,130.59,118.88,11.75,5.375,6.375,"	12.72","	12.72",28786226565
1/1/24,1117698882,1454942703,1699751779,2814408268,4877310690,741163432,452.63,77.56507246,136.5869565,226.08,198.7579285,203.8791304,4.913795455,0.203508675,133.1,119.79,11.75,5.375,6.375,13.39,13.39,26702655353
2/1/24,389357570,2919575318,1580622541,2706590282,2712100038,752899944,429.73,80.65619048,125.9285714,219.24,188.9477445,208.7833333,4.963789474,0.201458987,132.87,118.31,11.25,5.375,5.875,13.98,13.98,23348254025
3/1/24,100879597,5357375724,1395259591,2434866952,3624408722,741771972,433.53,84.33365079,110.1904762,211.84,190.2272114,208.9133333,4.979535,0.200821964,132.3,116.8,10.75,5.375,5.375,13.79,13.79,27657419417
4/1/24,23802559,6286351261,948084575,2413157474,4514763346,920420676,427.92,88.39712121,112.2272727,208.38,190.90005,239.8663636,5.128486364,0.194989307,129.93,114.03,10.75,5.375,5.375,16.14,16.14,30327524963
5/1/24,85460547,5751861344,1392381165,2414204807,4850725506,931784730,447.49,82.55913043,119.2391304,227.43,201.0194705,232.3426087,5.132447619,0.194838813,129.33,113.51,10.5,5.375,5.125,13.06,13.06,30190264650
6/1/24,170699783,6137462565,1538912625,2531317818,3623249503,804538822,430.97,82.31416667,108.1,205.23,191.2409429,248.405,5.388375,0.185584708,124.38,108.9,10.5,5.375,5.125,12.67,12.67,28731639979
7/1/24,700644669,4962841652,1732212357,2873744472,3731437490,834958294,411.08,83.7326087,107.3913043,183.23,177.7677084,257.0986957,5.541447826,0.180458254,120.85,105.51,10.5,5.375,5.125,14.37,14.37,30841394890
8/1/24,1168639113,3497445946,1789077425,2465373179,3587288745,875842336,361.83,78.5969697,100.9090909,175.51,169.2967424,261.4377273,5.552013636,0.180114831,119.49,103.74,10.5,5.375,5.125,19.31,19.31,28736329972
9/1/24,1249652332,2585557270,1782859393,2460412443,3020437115,1074108841,372.10,72.41920635,96.23809524,188.51,183.6558277,278.7604762,5.540966667,0.180473925,119.37,103.72,10.75,4.875,5.875,17.66,17.66,28471402288
10/1/24,1275360834,2024175124,1770988748,2250750562,3679669622,1311630186,368.49,74.50028986,106.6086957,197.37,189.5879059,276.7773913,5.623508696,0.177824923,119.09,103.67,10.75,4.875,5.875,"	19.96","	19.96",29300866189
11/1/24,981576129,1110678319,1618801871,2307822803,4515697166,1376567729,365.52,72.51428571,103.9761905,185.73,201.3082702,304.9528571,5.806457895,0.172222036,117.17,102.32,11.25,4.625,6.625,"	16.02","	16.02",27857365197
12/1/24,913303956,861496296,1352735524,2187536918,2227197287,1007941950,361.24,72.46090909,105.3409091,185.79,202.829961,344.1186364,6.096395238,0.16403136,112.54,98.36,12.25,4.375,7.875,"	15.87","	15.87",24881044787
1/1/25,789863213,433558617,998361810,2254259755,4665806686,1331811384,377.85,78.21449275,103.7826087,190.63,214.3599268,353.9334783,6.021172727,0.166080603,114.77,100.09,13.25,4.375,8.875,16.76,16.76,25383015598
2/1/25,321944933,2546889605,870023398,1730330250,2125519122,1036681546,382.08,74.352,108.2,190.10,221.2545443,409.5165,5.765045,0.173459184,119.3,104.81,13.25,4.375,8.875,16.97,16.97,22744160225
3/1/25,209332410,5674187432,870850482,2034047047,2812218309,1437143197,369.34,70.986,103.652381,179.61,207.752,404.2104762,5.746215789,0.174027575,117.9,103.69,14.25,4.375,9.875,21.84,21.84,28724342340
4/1/25,48515455,5864208436,720288217,2063150038,4353084699,1254215949,378.07,66.341,100.9090909,174.82,215.569,392.9127273,5.783085,0.172918088,117.13,103.03,14.25,4.375,9.875,31.97,31.97,29886791471
5/1/25,18182420,5501158269,996242502,2318194436,4246985434,1217642660,387.65,63.300,100.2727273,196.84,204.808,397.5886364,5.666780952,0.176467029,118.37,104.23,14.75,4.375,10.375,20.46,20.46,29933844915
6/1/25,93247548,5337449772,1441930606,2349029611,3512620692,937487024,383.52,69.249,96.16666667,173.19,195.719,363.162381,5.546455,0.180295342,120.17,105.68,15,4.375,10.625,18.40,18.40,28968366765