date,post_2008,primary_product_exports,total_exports,soybeans,oil,iron_ore,copper,wheat,corn,usdbrl,neer,primary_product_exports_z_12,total_exports_z_12,soybeans_z_12,oil_z_12,iron_ore_z_12,wheat_z_12,corn_z_12,usdbrl_z_12,neer_z_12,primary_product_exports_z_3,total_exports_z_3,soybeans_z_3,oil_z_3,iron_ore_z_3,wheat_z_3,corn_z_3,usdbrl_z_3,neer_z_3
10/1/00,0,1057.2,4634.82,113.42,0,291.08,0,0,0.04,1.901,95.61,,,,,,,,,,,,,,,,,,
11/1/00,0,1027.8,4374.18,62.31,38.93,232.94,0,0,0.02,1.98,99.08,,,,,,,,,,,,,,,,,,
12/1/00,0,820.35,4646,21.32,59.93,230.99,0,0,0,1.95,101.06,,,,,,,,,,-1.405015525,0.75115132,-1.177519188,1.086514311,-0.741791682,,-1.2247,0.1945064,1.099519128
1/1/01,0,1006.57,4528.68,58.19,66.16,320.82,0,0,5.57,1.972,100.36,,,,,,,,,,0.590138497,0.111335159,0.592373269,0.9574526,1.413958213,,1.4142,0.367911832,0.235826921
2/1/01,0,845.36,4062.89,19.68,85.84,184.79,0,0,15.55,2.046,105.96,,,,,,,,,,-0.550142282,-1.388399119,-0.752724892,1.376190409,-1.075519233,,1.3229,1.379971962,1.404878717
3/1/01,0,1106.4,5153.77,161.88,8.56,284.17,0,0,24.2,2.1525,109.46,,,,,,,,,,1.118491171,1.279820397,1.364887556,-1.371106957,0.36385082,,1.1946,1.291293652,1.120631051
4/1/01,0,1288.28,4713.7,336.06,79.97,208.96,0,0.01,29.36,2.2,114.17,,,,,,,,,,1.145698353,0.156761615,1.263860617,0.621908874,-0.402037886,1.41421356237309,1.1098,1.043124719,1.280286471
5/1/01,0,1600.19,5362.18,416.28,75.5,270.43,0,0.1,63.3,2.382,119.14,,,,,,,,,,1.317113982,1.056663474,1.050348088,0.637570723,0.486537199,1.40837370165609,1.4037,1.386768366,1.235561664
6/1/01,0,1583.97,5033.41,435.67,87.48,232.41,0,0,60.11,2.3105,121.73,,,,,,,,,,0.649783507,-0.011407011,0.919930929,1.31431009,-0.191743995,-0.815374248327211,0.6003,0.173639724,1.078551441
7/1/01,0,1490.64,4957.56,337.77,74.91,280.66,0,0,40.52,2.4665,124.71,,,,,,,,,,-1.400846441,-0.911984837,-1.389261761,-0.757431681,0.939053333,-0.707106781186547,-1.4023,1.257311182,1.252306757
8/1/01,0,1593.58,5719.94,445.36,47.23,253.71,0,0,28.54,2.5635,128.03,,,,,,,,,,0.808072642,1.408435706,0.804460076,-1.346733738,-0.095392724,,-1.1156,1.119439883,1.246172538
9/1/01,0,1383.25,4738.23,280.17,24.74,209.21,0,0.01,59.19,2.67,136.35,0.534323662,-0.20671917,0.348305058,-1.017133665,-1.059339648,0,1.382794257,1.822014561,1.865732641,-1.233290268,-0.951564454,-1.08476764,-1.180408797,-1.31189545,1.41421356237309,1.3035,1.24335162,1.358941734
10/1/01,0,1361.83,4943.93,156.75,45.72,277.01,0,0.03,50.82,2.6965,137.79,0.371623401,0.213285292,-0.445175654,-0.505963345,0.752159846,0.631168744,0.865077035,1.580852296,1.629748609,-0.807053568,-0.449710528,-1.161611659,0.632275973,1.079640059,1.33630620956212,0.3585,0.924991348,0.867842692
11/1/01,0,1061.46,4487.38,36.06,35.94,210.11,0,0,62.47,2.4985,126.16,-0.730030352,-0.89826059,-1.171757607,-0.89364993,-0.950033129,-0.450834817,1.187500733,0.688605356,0.608985759,-1.41170581,-1.263061014,-1.2201538,0.055221207,-0.692886752,-1.0690449676497,1.0146,-1.40342712,-1.405064192
12/1/01,0,1027.62,4330.62,41.65,88.83,199.14,0,0,53.57,2.3105,116.85,-0.99906336,-1.149885064,-1.162433128,1.114543597,-1.106384859,-0.450834817,0.652349643,-0.201469094,-0.291947393,-0.816753068,-0.986652558,-0.656262459,1.392698534,-0.860471137,-0.707106781186548,-0.4123,-1.214032697,-1.177108209
1/1/02,0,863.38,3952.04,26.16,43.04,218.12,0,0,31.39,2.413,111.75,-1.510816613,-1.678179776,-1.219529748,-0.578004448,-0.516806224,-0.450834817,-0.730821894,0.106782355,-0.958270381,-1.396064302,-1.355651937,-1.321395774,-0.550222246,1.156398962,,-1.3585,0.073731725,-1.090073082
2/1/02,0,823.06,3652.69,14.28,45.35,199.96,0,0,45.88,2.3635,111.03,-1.636435795,-1.975890271,-1.285298379,-0.377979098,-1.143102371,-0.450834817,0.007245562,-0.341240055,-1.144453411,-0.922629606,-1.174362358,-1.167518207,-0.651560225,-0.659788692,,0.2465,0.027874955,-0.841504423
3/1/02,0,1058.47,4251.76,111.72,110.68,238.54,0,0.02,31.4,2.325,106.76,-0.743254329,-0.763509403,-0.653848717,1.886086493,0.183594205,0.211926695,-1.143029046,-0.747521243,-1.535261311,1.395964898,1.224996937,1.405357462,1.413573786,1.247946352,1.41421356237309,-0.7064,-1.170669177,-1.401560658
4/1/02,0,1305.34,4612.07,288.12,116.81,267.04,0,0,13.23,2.361,105.39,0.156019871,-0.103854778,0.443354329,1.743383332,0.981985758,-0.479808115,-2.064373842,-0.663097448,-1.474026345,1.234329567,1.111727176,1.324236101,0.799764429,1.159044277,-0.707106781186547,-1.2682,0.634850105,-0.972866358
5/1/02,0,1226.96,4424.08,217.09,141.43,188.52,0,0.19,12.85,2.513,112.89,-0.018427039,-0.322051707,0.117844383,1.952389186,-1.389921693,3.261070475,-1.677543646,0.42973073,-0.676252153,0.291624077,-0.035498515,0.157953842,1.38890901,-1.320207984,1.4077113966104,-0.7289,1.391014858,1.3932571
6/1/02,0,977.68,4064.86,217.59,53.59,60.82,0,0.01,4.45,2.8175,124.7,-0.854278237,-0.855643607,0.272279496,-0.433106233,-2.777647935,-0.226041789,-1.731644662,2.058491098,0.427721551,-1.376615743,-1.330946064,-0.699601035,-1.36102361,-1.309748356,-0.649063016073031,-1.4132,1.336494267,1.305074549
7/1/02,0,2069.14,6202.18,475.95,318.46,412.53,0,0,1.17,3.46,136.62,2.508197956,2.283564279,1.865785491,2.94845266,2.406375758,-0.419791894,-1.538112592,2.86641094,1.350755903,1.380223694,1.396689316,1.41421158,1.337179192,1.320140364,-0.763603548321213,-1.0138,1.342253571,1.226632906
8/1/02,0,1721.39,5738.52,336.59,166.75,390.04,0,0,4.59,3.006,142.67,1.383313684,1.608520763,1.099366503,0.850564141,1.697167274,-0.419791894,-1.192774737,1.180197054,1.584256019,0.289917675,0.439368484,-0.064277329,-0.118418105,0.636003205,-0.707106781186547,0.7509,-0.328189586,1.072481962
9/1/02,0,2371.52,6478.83,768.88,165.04,315.5,0,0,37.65,3.7395,152.25,2.240324104,1.978579161,2.55315307,0.694962407,0.743083322,-0.401609664,0.415536573,2.284571249,1.923428962,1.195285041,1.109875325,1.341841256,-0.718961149,-1.379114449,,1.4091,1.117133974,1.305891964
10/1/02,0,1913.55,6456.47,353.35,238.46,262.32,0,0.02,34.13,3.63,171.03,1.098858542,1.589633545,0.524198316,1.351766877,0.170743744,0,0.3273407,1.628625049,2.277986474,-0.324900848,0.674342074,-0.664782216,1.413919155,-1.151115513,1.41421356237309,0.5851,0.530838923,1.333985357
11/1/02,0,1357.12,5102.63,99.04,116.56,261.07,0,0,34.73,3.653,158.26,-0.073450641,0.166946247,-0.696790973,-0.220684077,0.110707363,-0.386093671,0.556143781,1.373237618,1.357436604,-1.262389763,-1.414071282,-1.115764892,-1.133340451,-0.731600023,-0.707106781186547,-0.5030,-0.448995969,-0.287755622
12/1/02,0,1271.51,5211.04,121.2,175.2,234.38,0,0,8.48,3.54,158.7,-0.297211392,0.205916733,-0.639304907,0.442540227,-0.222295705,-0.386093671,-0.880799839,0.991946342,1.156460788,-0.852141035,-0.617023125,-0.608581632,-0.030937748,-1.413104253,-0.707106781186547,-1.4139,-1.387744281,-0.669611706
1/1/03,0,1211.2,4780.28,50.68,122.67,297.85,0,0,11.34,3.4975,149.36,-0.510504469,-0.328835053,-1.00313339,-0.346295796,0.419044913,-0.386093671,-0.580401905,0.771313907,0.616450597,-1.148223136,-1.372205283,-1.345807197,-0.587859557,1.284247246,,-0.5820,-1.005769631,-1.412980759
2/1/03,0,1271.13,4981.7,40.66,273.68,263.12,0,0,5.14,3.5685,160.19,-0.499835658,-0.259617311,-1.076409356,1.475208023,-0.032954453,-0.386093671,-0.870522669,0.759384686,0.940721168,0.700392182,-0.052884761,-0.842276039,1.328621655,-0.076942973,,-1.2551,1.136901581,0.856827941
3/1/03,0,1496.85,5209.86,267.83,252.93,271.92,0,0,22.8,3.3525,152.85,-0.048493168,-0.081688889,-0.009791329,1.005235897,0.036617492,-0.351921178,0.551162636,0.202283368,0.471685408,1.385948476,1.249350497,1.413135973,0.546170951,-0.387324887,,1.3269,-1.338672355,-0.284332608
4/1/03,0,1785.2,5681.71,589.98,104.75,287.11,0,0.02,18.42,2.9105,138.14,0.575313315,0.43395716,1.371780775,-0.969685672,0.192890902,0,0.167982759,-1.050193596,-0.531849933,1.271341241,1.340066585,1.288926536,-1.40521728,1.317992497,1.41421356237309,0.3951,-1.338893231,-1.336539773
5/1/03,0,2026.18,6363.12,689.87,112.24,290.71,0,0.04,39.53,2.9675,133.03,0.997763113,1.153944629,1.486534755,-0.820010529,0.141821518,2.635375776,1.49813517,-1.204137491,-1.181868423,1.186627728,1.291838346,0.966079291,-0.651447261,0.916545793,1.22474487139159,1.3866,-0.556942689,-0.989060996
6/1/03,0,1833.39,5851.3,528.49,122.83,217.32,0,0.04,26.77,2.844,130.28,0.390382261,0.308266606,0.695459662,-0.83428792,-1.34977287,1.963961012,0.472438715,-1.623796308,-1.526652622,-0.462944352,-0.39385202,-1.117110768,1.288445506,-1.412874412,0.707106781186548,-0.1693,-1.25491161,-1.085970087
7/1/03,0,1694.03,6087.5,407.96,153.02,242.61,0,0,26.38,2.966,129.2,0.092318504,0.739543302,0.222583726,-0.250369947,-0.818358993,-0.654653671,0.317280861,-1.047605276,-1.471014345,-1.154106974,-0.062823885,-1.161530155,1.369222093,-0.249781832,-1.41421356237309,-0.7388,0.69410669,-1.015065296
8/1/03,0,1929.38,6386.78,539.94,113.01,220.57,0,0,33.72,2.976,132.84,0.719349284,1.100564125,0.686887118,-0.856181896,-1.456932697,-0.654653671,0.77840201,-1.001691974,-1.070480578,1.143062124,1.269903173,0.800831357,-0.975621656,-0.557513211,-0.707106781186547,1.4126,0.788791513,1.353931263
9/1/03,0,2281.23,7255.16,469.8,216.36,393.25,0,0,63.65,2.9,129.62,1.832567177,2.052129495,0.567435291,0.829515731,2.74524746,-0.654653671,2.387545893,-1.055939862,-1.109890951,1.297258235,1.37049372,-0.051314282,1.305858082,1.404457999,,1.3896,-1.403809182,-0.574011578
10/1/03,0,2387.89,7532.65,485.05,205.56,491.41,0,0,48.76,2.8675,129.03,1.765292024,1.9509905,0.578156004,0.726929413,2.673037421,-0.5488213,1.249217839,-0.987534397,-1.028510576,0.961643361,0.972057548,-0.438685264,0.587485761,1.098642195,,0.0041,-1.03373712,-0.875934587
11/1/03,0,1616.83,5918.23,130.5,175.96,282.5,0,0,25.92,2.946,130.76,-0.316605134,-0.024447299,-1.055329964,0.12556014,-0.113887389,-0.5488213,-0.101815597,-0.602568125,-0.74877339,-1.402645176,-1.39582598,-1.413189932,-1.366270512,-1.248592467,,-1.3012,1.288616896,1.332277916
12/1/03,0,1652.96,6728.47,86.03,268.93,197.55,0,7.31,47.18,2.8915,133.07,-0.327583385,0.814286299,-1.226988858,1.489212853,-1.157612127,3.316533467,1.024246347,-0.670837623,-0.420251952,-0.65564867,0.003064852,-0.827977191,1.343802851,-1.022640225,1.41421356237309,0.6299,-0.309544985,1.278968882
1/1/04,0,1740.54,5785.34,99.17,229.7,439.9,0,53.9,67.31,2.9345,130.93,-0.229586507,-0.500509295,-1.214733001,0.719288563,1.578007778,3.28611407,1.798585019,-0.361779465,-0.506550512,1.355989772,-0.860501374,-0.325038674,0.126917921,1.327166768,1.40312023608363,1.2134,0.447653683,-0.624701526
2/1/04,0,1618.08,5715.58,127.32,200.68,282.4,0,37.81,70.06,2.9059,137.73,-0.841577346,-0.757987678,-1.169873551,0.379226395,-0.215704506,1.713339893,1.664807578,-0.390796605,0.59038259,-1.018103136,-0.781272917,1.343873707,-1.159355899,-0.241178127,0.248604767277746,0.8376,-0.26486269,1.345582131
3/1/04,0,2452.78,7907.13,453.43,256.67,450.43,0,77.44,107.59,2.8953,135.51,1.84453721,2.020730241,0.338901063,1.373518552,1.387346353,2.4623298,2.432985471,-0.547761516,0.987678094,1.401104358,1.413659018,1.410596101,1.209527188,0.774511003,1.29389234154993,1.4116,-1.002647531,0.277849415
4/1/04,0,1898.81,6581.42,568.56,76.17,211.22,0,31.27,46.38,2.933,135.1,-0.100519669,0.103953266,0.916945512,-1.705011428,-0.980140718,0.548520113,-0.170097305,0.352556095,1.068720213,-0.262631696,-0.170088164,0.992418157,-1.347731319,-1.031645331,-0.861327702819862,-1.1228,1.360654105,-0.877082841
5/1/04,0,2577.22,7921.66,738.76,231.6,301.66,0,7.34,29.06,3.189,142.57,1.782308644,1.61864678,1.680395217,0.763880717,-0.091827885,-0.421725712,-0.866958475,2.979195707,2.437032094,0.907532557,0.718636413,1.295520291,0.544267466,-0.197153844,-1.07730015513784,-0.9484,1.404340071,1.412527531
6/1/04,0,3381.31,9306.49,1045.13,295.31,394.25,0,0.01,76.68,3.085,144.1,2.50027824,2.283273984,2.224432733,1.527377336,0.69441205,-0.713593019,0.983803296,1.442256617,2.043314385,1.257848637,1.231370043,1.323505475,1.024390026,1.22951217,-0.963678082680789,1.3198,0.152203887,0.892687724
7/1/04,0,2778.04,8962.9,658.98,231.72,489.42,0,0,38.07,3.0365,139.4,1.11071438,1.566236696,0.735480225,0.389036069,1.365549968,-0.713991378,-0.72901536,0.80302139,0.908169607,-0.39259695,0.394967236,-0.933093904,-0.705106168,1.230315873,-0.708552313465139,-0.4777,-1.053171888,-1.340270206
8/1/04,0,2966.37,9039.69,580.53,321.93,505.74,51.51,0,49.68,2.927,136.65,1.225849933,1.345210636,0.445153603,1.605022808,1.280640861,-0.713991378,-0.283937478,-0.352517596,0.268769724,-0.299737642,-0.430141219,-0.891421282,1.029023469,0.866559431,-0.707106781186547,-0.3172,-1.349247429,-1.105337986
9/1/04,0,2654.27,8910.07,647.73,70.82,413.06,28.45,0,60.64,2.8608,131.58,0.603277948,1.067871372,0.61791587,-1.939690999,0.388978678,-0.713991378,0.231788079,-1.010099523,-0.863097143,-1.132249759,-1.142791444,0.538458779,-1.322319546,-1.394846035,,1.2128,-1.112926047,-1.326543144
10/1/04,0,2303.63,8177.72,240.32,199.13,407.41,21.68,0,11.81,2.857,130.98,0.000398022,0.457040666,-0.699848592,-0.190976168,0.423450445,-0.713991378,-1.639054128,-1.031694637,-1.077292396,-1.247782461,-1.400397052,-1.397380059,0.0179146,-0.7688462,,-1.3815,-0.765398751,-0.821778105
11/1/04,0,2102.28,8145.72,115.6,192.46,446.75,35.46,0,13.81,2.72,129.05,-0.451123243,0.313315137,-1.11080717,-0.302307977,0.683663623,-0.713991378,-1.443907756,-1.876096381,-1.426035362,-1.100989351,-0.751945977,-0.963562116,0.649804907,1.401685053,,-0.6623,-1.413816804,-1.377317526
12/1/04,0,2055.24,8667.94,97.08,221.45,416.65,34.44,0,10.78,2.656,126.88,-0.640700915,0.620340157,-1.18036722,0.151378533,0.238493006,-0.680598798,-1.325189741,-1.877001814,-1.59100353,-0.914104503,1.412099135,-0.847669215,1.379674299,-0.413981534,,-1.0758,-1.053563425,-1.247929857
1/1/05,0,1770.69,7480.6,76.76,213.39,355.24,17.34,0,23.49,2.6088,124.02,-1.219207889,-0.575558724,-1.233155798,0.057750438,-0.409069474,-0.551569568,-0.745963923,-1.727046586,-1.773365279,-1.402008737,-1.270814568,-1.243219776,0.351130067,-1.338559762,,1.3769,-1.158667678,-1.276749174
2/1/05,0,1860.24,7777.72,90.78,194.29,417.02,13.16,0,35.09,2.5875,120.05,-1.14212579,-0.61866548,-1.162961663,-0.202741409,0.210152701,-0.435953089,-0.247001124,-1.509763869,-1.849818499,-0.295884803,-0.391884607,0.30300084,-1.353905937,0.713468493,,1.2057,-1.045758128,-1.285446512
3/1/05,0,2280.39,9258.18,400.65,117.35,416.99,26.34,0.46,39.52,2.679,125.3,-0.222444356,1.147753381,-0.124653049,-1.080421393,0.249748574,-0.32210385,0.168971343,-0.878318461,-0.942963427,1.39493999,1.396894598,1.413176572,-1.389038948,0.706591543,1.41421356237309,1.0090,1.3787827,0.973848358
4/1/05,0,2833.87,9247.14,613.46,290.64,581.31,17.38,0,0.86,2.528,118.26,0.798351941,1.092930467,0.562137688,1.109958086,2.211484035,-0.322064868,-1.480076698,-1.377158045,-1.536101774,1.276666877,0.699152998,1.142387683,1.267824014,1.414213545,-0.707106781186548,-1.4064,-1.129803454,-0.985205178
5/1/05,0,3006.33,9849.73,527.64,311.85,616.5,37.66,0,1.45,2.4076,111.64,1.040748913,1.656224636,0.351842764,1.231776484,2.146791856,-0.308603374,-1.247376728,-1.698131177,-1.869835791,0.967044299,1.414032282,0.156982396,0.825333749,0.899744758,-0.707106781186548,-0.6907,-1.176225954,-1.212001633
6/1/05,0,3069.68,10220.08,695.74,23.92,686.23,22.2,0,0.34,2.3325,108.35,1.337053671,1.813295661,1.236018145,-2.00218728,2.155363603,-0.301511345,-1.198691508,-1.743871833,-1.873491958,1.000753254,1.116741391,1.216057735,-1.411121676,1.335237804,,-1.1982,-1.120168799,-1.067657201
7/1/05,0,3846.18,11084.28,660.89,850.08,652.82,38.74,0,0.05,2.3787,106.38,2.200783186,2.09522519,1.09114507,2.988916847,1.488895834,-0.301511345,-1.02520043,-1.338927791,-1.733266346,1.4109662,1.352452889,0.452789892,1.328263985,0.034064473,,-0.9337,0.186446014,-1.110697363
8/1/05,0,3839.73,11345.35,686.76,636.21,701.75,0.75,0.01,0.09,2.357,106.82,1.781163531,1.812572545,1.122529217,1.583645573,1.57772382,-0.229811023,-0.876129933,-1.266615642,-1.440407949,0.698241442,0.960969341,0.38107679,0.379330695,1.052289652,1.41421356237309,-0.5455,0.049454375,-0.430342886
9/1/05,0,3258.76,10658.37,543.27,560.06,628.26,37.47,0,0.11,2.2275,104.03,0.821210663,1.059465025,0.603033235,1.053356683,0.825815984,-0.308603374,-0.833532607,-1.670883443,-1.455343727,-1.41414892,-1.310190831,-1.393839055,-0.994195014,-1.069933033,-0.707106781186547,1.0690,-1.401703816,-1.398920446
10/1/05,0,2857.23,9929.5,441.2,189.92,700.52,12.09,0,0.04,2.2518,100.88,0.182049706,0.375956959,0.119511667,-0.550185178,1.189031377,-0.308603374,-0.746914582,-1.369907579,-1.504122288,-1.143842567,-1.236643092,-1.150440895,-1.396112369,0.689131115,-0.707106781186547,-1.3587,-0.479818566,-1.24872298
11/1/05,0,3162.99,10841.58,340.66,476.86,746.98,20.39,0,0.06,2.2035,97.21,0.51113825,0.954148508,-0.403242702,0.589701176,1.29443384,-0.308603374,-0.652167121,-1.413900427,-1.579885604,0.408779659,0.926779502,-1.221650393,0.4283236,1.127187484,,-0.3397,-1.222201309,-1.254657236
12/1/05,0,2945.46,10905.32,233.95,299.87,793.01,60.17,14.15,1.18,2.3355,100.9,0.081197996,0.852246561,-0.991913179,-0.206083087,1.375212818,3.314884332,-0.511062951,-0.480918421,-1.03580608,-0.335428015,0.777399508,-1.236716083,-0.18905218,1.222842458,1.41421356237309,1.4140,1.318518282,0.712863343
1/1/06,0,2741.58,9282.15,179,721.42,607.71,0.47,25.77,6,2.212,100.68,-0.435909709,-0.764614873,-1.381162525,1.346830947,-0.192637428,2.87528216,-0.078108631,-1.110563785,-0.913049912,-1.211309398,-1.413363454,-1.075806211,1.284693271,-1.373387093,1.18276611269269,1.3918,-0.635480362,0.641019407
2/1/06,0,2089.39,8757.14,171.61,235.09,576.83,25.23,8.88,19.28,2.1235,95.44,-1.814669379,-1.658604392,-1.541900608,-0.64598755,-0.706250187,0.607510201,1.18023928,-1.449424629,-1.306462548,-1.37697598,-0.97448859,-0.835800972,-0.851987567,-0.862647569,-1.04688050687206,1.3667,-1.152123483,-1.413317638
3/1/06,0,3159.26,11379.48,620.41,360.58,835.99,26.34,15.17,13.59,2.164,95.29,0.203526298,1.290092127,0.75925933,-0.228015428,2.000367166,1.1814187,1.647478621,-1.161503067,-1.296940716,1.126275857,1.388673163,1.414067398,-0.380553263,1.405775976,-0.20612899266402,0.1164,-0.06911195,-0.736820705
4/1/06,0,2828.18,9822.12,653.13,402.14,545.38,22.67,2.66,23.95,2.087,95.14,-0.529781176,-0.648799311,0.901389703,-0.088886192,-1.545150477,-0.352100063,2.251053497,-1.693581644,-1.265769418,0.303885171,-0.152415382,0.780268668,0.979263667,-0.824421492,-1.22245412932246,1.1826,-1.202996222,-1.224744871
5/1/06,0,2922.46,10277.43,695.94,368.94,457.64,1.31,2.4,33.77,2.307,99.31,-0.304158101,-0.124694572,1.004356424,-0.257978899,-1.992741638,-0.413570632,2.286531851,0.644507565,-0.347902414,-0.34110053,-0.329729509,1.275494334,-0.461317872,-0.960854685,-0.728808530191144,1.2137,1.327454678,1.413502524
6/1/06,0,3308.98,11441.85,510.39,448,790.14,66.13,5.44,39.6,2.165,102.35,0.500277231,1.155118364,0.167893568,-0.076003044,1.113746751,-0.096753884,2.03340953,-0.771825582,0.505517135,1.389794795,1.360681175,-1.379464653,1.284639836,1.367615162,1.40999890604867,1.1087,-0.2342453,1.156038402
7/1/06,0,4655.37,13637.84,978.04,869.94,1069.62,71.12,1.91,72.43,2.177,100.12,2.503444218,2.444665665,2.031424841,2.099617501,2.367899963,-0.57008667,2.578642155,-0.509670818,0.078415122,1.381930548,1.32935072,1.299829326,1.398900077,1.187890428,-0.85818715510421,1.4003,-0.611735725,-0.368234181
8/1/06,0,4254.74,13646.47,657.75,725.09,860.18,44.35,2.15,69.82,2.145,99.2,1.647683198,1.90338546,0.672783124,1.259860536,0.89016815,-0.571231241,1.863574197,-0.788988577,-0.004517411,0.32190726,0.711262782,-0.295273906,0.25180864,-0.391351097,-0.631284644148129,0.6177,-1.313198308,-1.025810675
9/1/06,0,4003.77,12556.05,449.12,970.1,786.79,68.07,0,45.35,2.169,99.14,1.101317918,0.996675871,-0.195101035,1.905387219,0.352217358,-0.850726139,0.743039999,-0.374311989,0.142109457,-1.121163535,-1.414180081,-1.130195814,1.143954349,-0.990861786,-1.40685863495617,-1.4088,0.39223227,-0.772940509
10/1/06,0,3715.21,12655.9,379.31,536.18,913.7,78.33,0,43.81,2.1418,97.72,0.578765484,0.90072972,-0.470817939,0.007408957,0.993895984,-0.850726139,0.555937126,-0.641462892,-0.359392934,-1.252175612,-0.603241998,-0.981360751,-1.168712561,1.156112626,-0.707106781186547,-0.7707,-0.834812073,-1.41330638
11/1/06,0,3413.39,11874.49,235.97,511.48,793.8,69.8,0,53.63,2.1649,98.62,0.111576597,0.337583538,-1.016508975,-0.11580164,0.247632713,-0.850726139,0.825565292,-0.258299213,-0.017401523,-1.233810443,-1.404434245,-1.339272977,-0.764933617,-0.646074853,,1.3991,0.528950442,0.215936977
12/1/06,0,3192.79,12250.21,116.68,745.33,711.09,46.14,0,38.89,2.1364,99.29,-0.241293765,0.504279484,-1.402539424,0.782616111,-0.208234956,-0.713550469,0.027571207,-0.573424545,0.354279004,-1.15662498,-0.031308027,-1.185704055,1.40766467,-1.143406278,,-1.0695,-0.914208365,1.160793171
1/1/07,0,3194.49,10966.85,138.46,708.4,866.13,28.91,0,62.28,2.1229,97.85,-0.304510565,-0.448474198,-1.28191922,0.620372396,0.603368002,-0.726364864,1.056768744,-0.700937436,-0.212827136,-0.698885762,-1.355678549,-0.486683466,0.519549016,1.19651892,,1.1060,-1.056711634,-1.252089478
2/1/07,0,2904.83,10107.26,206.56,484.41,718.15,38.89,0,51.82,2.1205,95.85,-1.008251181,-1.303848853,-1.040712742,-0.563173439,-0.394070382,-0.596263331,0.360633165,-0.740524492,-1.225062268,-1.414195188,-1.136629394,1.375540067,-1.402067944,-0.657147714,,0.0861,-0.871606468,-1.285538411
3/1/07,0,3731.71,12858.87,561.78,542.6,827.54,69.25,0,50.33,2.0594,96.14,0.402333713,0.802010113,0.38471699,-0.365103629,0.318813982,-0.73129459,0.11051927,-1.558577077,-1.17163094,1.32728796,1.34668748,1.398256989,-0.377992799,0.376545459,,-0.8426,-1.413427186,-0.536395469
4/1/07,0,4178.45,12433,844.9,695.03,767.61,112.43,0.05,95.31,2.0345,94.59,1.034917831,0.334388118,1.357572832,0.354177086,-0.212508957,-0.581693503,2.409374199,-1.727522051,-1.873784016,1.086874736,0.523680517,1.176135439,1.362677367,-0.078029954,1.4142135623731,1.4136,-1.023121069,-1.392147166
5/1/07,0,4374.21,13627.57,825.73,570.39,891.56,58.23,0.09,108.58,1.9246,92.5,1.191993861,1.221435555,1.197139605,-0.516510336,0.623874861,-0.450172303,2.245450728,-2.676690245,-2.075445747,1.039170285,1.3238583,0.631610878,-0.487044406,1.237991276,1.17696469855274,0.9564,-1.392747113,-1.280620401
6/1/07,0,3995.43,13087.98,817.43,488.47,735.94,74.61,0.05,130.48,1.929,90.12,0.376769715,0.590804989,1.023290349,-1.094445878,-0.954034026,-0.404702333,2.251693762,-1.941373923,-2.266587192,-1.210785461,0.07874747,-1.036493881,-1.132269224,-0.929685857,-0.707106781186547,1.3118,-0.663359265,-1.250353958
7/1/07,0,4877.46,14086.69,859.56,702.27,1089.29,141.04,0.01,170.04,1.8825,88.84,1.927520178,1.450217451,1.261159373,0.452219664,2.561535862,-0.315036178,2.373303595,-1.891771487,-2.016080728,1.278120803,1.190563173,1.389546753,1.308290077,1.270393754,-1.22474487139159,1.3240,-1.4090107,-1.085821811
8/1/07,0,5125.72,15093.71,763.42,874.9,995.3,73.79,0,227.15,1.9619,92.25,1.898167503,1.93817733,0.865704147,1.472701111,1.387276333,-0.581238194,2.406398518,-0.921017181,-0.872303097,0.947425622,1.226432788,-1.271959108,1.17902203,0.368896155,-0.925820099772551,1.2918,1.149212536,1.312980542
9/1/07,0,4444.01,13593.24,543.68,728.28,890.85,44.81,0,244.79,1.8336,89.92,0.771873688,0.673903042,0.067576284,0.797572608,0.369332977,-0.581238194,1.993326159,-1.745437608,-1.299950845,-1.319516912,-1.064428552,-1.350455745,-0.529036714,-1.245687391,-0.707106781186547,0.9653,-1.117220649,-0.292816341
10/1/07,0,5616.78,15744.76,664.19,1008.66,992.18,177.51,7.17,331.26,1.736,86.17,1.891540573,1.795376804,0.409509339,2.176932207,1.167225365,3.316286586,2.227841638,-1.970757561,-1.823173354,1.153309844,1.03697129,0.078947632,1.20559739,0.674711082,1.41421356237309,1.3964,-1.165680923,-1.308252407
11/1/07,0,4275.04,14001.35,267.53,755.65,858.18,54.25,0.06,243.73,1.7924,86.19,0.147825271,0.554787917,-1.010074104,0.428950827,-0.033205494,-0.28306857,1.060179311,-1.302855073,-1.505386629,-0.843958033,-0.477042854,-1.35070651,-0.595905889,-0.973844489,-0.698175182240948,-0.7200,0.126648374,-0.70142728
12/1/07,0,4877.49,14215.1,190.49,1346.02,925.19,158.57,21.72,166.36,1.78,86.66,0.772841989,0.587686557,-1.349612343,2.577630502,0.427729789,3.141903528,0.110469655,-1.194743089,-1.218694072,-0.083128032,-0.564969791,-0.884540576,1.278730732,0.000121865,1.33889962071473,-1.1988,0.43526336,1.413293749
1/1/08,0,3992.54,13234.23,250.72,615.87,962.21,65.85,30.26,85.7,1.7592,86.19,-0.550414519,-0.201389878,-1.220486373,-0.500486768,0.686623475,2.591303746,-0.867925213,-1.176009251,-1.174180071,-1.054417873,-1.383521857,0.437596,-0.916378966,1.092031627,1.01591744348488,-1.2332,-1.314090342,-0.707106781
2/1/08,0,3791.71,12763.89,186.18,607.04,921.42,49.74,82.17,66.67,1.6907,85.36,-1.174340632,-1.035180988,-1.449968295,-0.602606235,0.174117298,3.018929145,-1.12847491,-1.533647557,-1.210401945,-0.909228145,-1.059491706,-0.778991677,-0.719817676,-0.807050746,1.40211599775514,-0.9158,-1.378737628,-1.321020733
3/1/08,0,3664.27,12565.66,561.76,367.86,533.89,40.71,33.52,127.92,1.7519,86.32,-1.376360659,-1.188592832,-0.011005385,-1.474609016,-2.480174053,0.797536422,-0.502848181,-0.867579623,-0.823805839,-1.124148646,-1.030517729,1.395835453,-1.41351724,-1.40894055,-0.637332926678524,1.3475,0.584938027,0.854435614
4/1/08,0,4610.41,14038.69,1397.62,147.27,682.21,116.77,39.33,109.88,1.6629,85.97,0.251859291,0.228419976,2.297850849,-1.82690429,-1.297336262,0.886755196,-0.764046412,-1.561357682,-0.840822665,1.403280345,1.403301272,1.347809746,-1.207908982,-0.189766538,-0.568962604699312,0.3265,-1.047237586,0.218479681
5/1/08,0,8358.91,19244.06,1860.28,1939.75,1517.85,144.92,18.69,157.51,1.627,84.12,2.945414977,2.857364428,2.394176759,2.528859658,2.560288799,-0.030711888,-0.193797138,-1.589982992,-1.412874188,1.388304881,1.382705939,1.092474813,1.405181348,1.400326197,-1.36051795834382,1.3110,-1.020878924,-1.398632094
6/1/08,1,7585.84,18572.7,1506.03,1799.81,1626.07,56.09,0.04,80.84,1.6037,82.11,1.774526696,1.865333434,1.405258534,1.725482873,2.136755176,-0.82068966,-1.124504954,-1.53432284,-1.805143516,0.454292141,0.556923379,-0.414775821,0.619405531,0.83151429,-1.20355302172265,-1.1149,-1.129359482,-1.241311668
7/1/08,1,8317.79,20401.42,1901.28,1345.17,1975.87,200.96,0.02,88.97,1.5654,81.06,1.771249944,2.004293216,1.703460946,0.729501553,2.261216111,-0.821595993,-0.897005323,-1.573303736,-1.733202117,0.648422636,1.317818516,0.819479517,-1.37792369,1.377614184,-0.708243303703304,-0.5856,-1.311260764,-1.079108197
8/1/08,1,8183.19,19678.94,1219.81,1950.32,1908.53,218.64,0,74.94,1.6315,80.55,1.39495934,1.420265979,0.540456989,1.520901894,1.651975713,-0.822443218,-0.907524621,-0.879149238,-1.761227407,0.484908676,0.170099279,-1.154513269,0.979184778,0.473187516,-1.22474487139159,-1.1550,1.155047083,-1.062418937
9/1/08,1,7426.65,19091.21,900.39,1107.03,2137.91,58.1,0,65.81,1.9046,87.61,0.832557509,1.023908645,-0.013607805,0.041988768,1.683156412,-0.822443218,-0.865158146,2.121482713,1.222127049,-1.400266307,-1.180678552,-1.054322864,-1.015503243,1.355321185,-0.707106781186547,-1.1300,1.390121646,1.411244216
10/1/08,1,7180.11,18423.68,524.6,1383.66,1916.84,108.63,0,78.65,2.159,100.24,0.617799665,0.700388363,-0.593411201,0.45854774,1.068403879,-0.784180713,-0.655739315,2.672651121,2.945874169,-0.975996337,-1.249856639,-1.256471008,-0.275437472,-0.667631458,,1.0225,1.210018957,1.322706843
11/1/08,1,5174.6,14057.92,311.2,1125.02,1372.28,9.86,0,148.01,2.3063,100.66,-0.506672601,-0.77855916,-0.944379279,-0.033786945,-0.002029928,-0.783844503,1.248346302,2.360526741,2.131931036,-1.407153673,-1.403633579,-1.098405631,-0.63473632,-1.357431575,,1.3992,1.102908854,0.741503814
12/1/08,1,4741.62,13692.23,332.31,1166.8,983.49,126.08,0.06,237.06,2.3145,107.19,-0.735086437,-0.87725047,-0.948234236,0.064582812,-0.750271454,-0.691098059,2.622688947,1.830713214,2.182491519,-0.901047606,-0.790466065,-0.594315402,-0.514788727,-1.151278745,1.41421356237309,1.2722,0.763713717,1.412158724
1/1/09,1,3558.54,9663.35,252.96,324.55,1029.2,37.19,5.76,228.37,2.323,101.33,-1.329795169,-1.85434731,-1.078539659,-1.296643843,-0.679298671,-0.37800816,1.846779009,1.506238755,1.240088762,-1.366035645,-1.410232349,-1.366776317,-1.412843361,-0.57128367,1.41415541732449,0.5959,1.232012411,-0.589813096
2/1/09,1,3489.18,9491.9,264.42,504.2,993.87,7.13,11.3,122.43,2.3866,99.54,-1.330646546,-1.651563423,-1.083582431,-0.971631233,-0.765863768,0.16559969,-0.077467381,1.407235507,0.887438935,-0.766586824,-0.750814351,-0.537141048,-0.444460087,-0.425063105,1.21889234415432,-1.4109,1.405963238,-0.963133942
3/1/09,1,4601.16,11607.79,973.43,284.75,1318.97,42.7,19.43,71.65,2.3228,97.4,-0.822868569,-1.050533964,0.033181669,-1.301636643,-0.302942724,0.973251245,-0.881011165,1.023055648,0.553769385,1.412020354,1.410446346,1.414077243,-0.905249392,1.407261474,1.29437296869558,-1.0594,-0.710434328,-1.259439104
4/1/09,1,5594.07,12221.83,1541.99,462.35,1401.43,58.51,9.08,54.56,2.1904,95.38,-0.332166891,-0.831760107,0.952486641,-1.120093404,-0.294480526,0.514863581,-1.045438856,0.506974868,0.253220087,1.201010607,0.953222208,1.17749455,0.475653104,0.928383239,-0.941770420748247,-0.9825,-1.340447133,-1.212800295
5/1/09,1,5369.69,11921.11,1723.76,602.79,803.34,10.7,2.82,46.54,1.9702,89.91,-0.340607152,-0.76479771,1.305949625,-0.741634595,-1.504753485,-0.203586248,-0.997924944,-0.28959612,-0.423889237,0.426622944,0.0167532,0.972153497,1.174375864,-1.4027261,-1.11302756116031,-1.0546,-1.312903405,-1.365335027
6/1/09,1,6775.87,14344.9,2576.88,516.08,1010.77,98.33,8.82,25.23,1.9518,87.38,0.564969778,-0.054790371,2.099878793,-0.764122876,-0.881526539,0.673467601,-1.19370887,-0.499025983,-0.810863439,1.398532257,1.405024761,1.394951706,-0.190002271,-0.246317359,0.661673338116359,-1.3638,-0.790277224,-1.051309801
7/1/09,1,6398.49,14050.67,1467.99,1278.7,1181.08,62.86,0.01,27.91,1.8651,86.38,0.478751659,0.009167979,0.660868691,0.781131358,-0.378802952,-0.792815217,-1.024925142,-1.069181023,-1.063859416,0.365402357,0.566493469,-0.959490272,1.406568622,1.18272485,-1.05413488550403,-0.5610,-1.395085828,-1.01645674
8/1/09,1,6089.5,13792.13,1306.23,1301.96,1040.74,64.89,0.07,61.58,1.8804,82.86,0.446380529,0.092988213,0.416841375,1.150170539,-0.587179348,-0.784400872,-0.515810566,-1.294641931,-1.623554727,-1.182112539,-1.197554263,-0.845472637,0.738721134,-0.495580862,-0.699846278144631,1.4111,-0.494913398,-1.382496723
9/1/09,1,5502.41,13801.85,817.74,765,1252.95,70.31,5.43,113.36,1.767,82.13,0.116824891,0.312931337,-0.271145809,-0.112981081,0.217748826,0.034029187,0.175785692,-1.678297044,-1.538810376,-1.330259449,-0.666099922,-1.373258423,-1.413175024,1.074537692,1.4141478509359,1.3016,-1.403241426,-0.894639329
10/1/09,1,5454,14015.8,315.67,1169.96,1137.28,110.91,0,121.98,1.7612,79.15,0.232472829,0.779935627,-0.943441413,1.013226239,0.058289939,-0.897627051,0.249201243,-1.404691527,-1.542407999,-0.789249172,1.41316821,-1.230303179,0.398262133,-0.073504865,-0.720823317293198,0.8625,-0.759295148,-1.389612653
11/1/09,1,4394.39,12498.22,84.13,1018.09,971.61,31.28,0.02,171.47,1.7557,79.27,-0.773741781,-0.058143699,-1.206278202,0.641919952,-0.753117435,-0.894710782,0.921922984,-1.197380694,-1.274036332,-1.413156698,-1.40216919,-1.05064834,0.201991412,-1.290523445,-0.70318931544027,1.4008,-1.213763846,-0.663098182
12/1/09,1,4730.14,14382.12,99.04,923.87,1098.52,208.2,0,213.72,1.7445,79.87,-0.435081294,1.044152161,-1.129698502,0.459267775,-0.030201308,-0.896598627,1.631498374,-1.056032255,-1.084048705,-0.292592586,0.919697629,-0.635479219,-1.118919121,0.415289215,-0.707106781186547,1.1913,-1.338348867,1.397001397
1/1/10,1,4072.56,11153.01,45.34,1014.45,962.09,77.05,31.76,157,1.895,79.59,-1.212979788,-1.096930712,-1.150500529,0.588032416,-0.835339792,2.598103058,1.000040746,-0.291861768,-0.978902788,-1.216012043,-1.151311816,-1.362112966,0.664936348,-0.782262597,1.41421335193774,-0.9861,1.41105573,0.054392829
2/1/10,1,4752.1,12066.64,265.51,1190.36,1165.06,110.31,27.81,102.19,1.8076,81.53,-0.702414578,-0.814231812,-0.865894103,0.948162408,0.331460122,1.741559266,0.085443002,-0.585762403,-0.584338567,0.741645982,-0.343829138,1.374987567,1.332880942,1.0633603,0.562745834678376,-1.2177,-0.131263897,1.40155295
3/1/10,1,6635.51,15637.89,1164.9,1524.45,1429.28,46.24,58.55,58.66,1.7813,78.75,1.371480044,1.832802774,0.276103121,1.686779596,1.767856965,2.659690903,-0.644498562,-0.671607887,-0.954004128,1.367126111,1.387695407,1.389641787,1.330207109,1.27462129,1.40431812987143,-1.1753,-0.960208186,-1.036504941
4/1/10,1,7015.89,15074.16,1797.29,1305.54,1439.59,126.03,48.63,35.34,1.7394,77.18,1.501469443,1.162974182,1.038373677,0.871250953,1.754890738,1.652913772,-0.994117309,-1.103261966,-1.27539711,0.890506607,0.519640259,1.147786784,-0.249532602,0.747291859,0.283636275758123,-1.0849,-1.306780972,-1.097128111
5/1/10,1,8569.99,17632.18,2089.59,1743.69,2190.13,26.62,11.49,17.41,1.8209,77.66,2.17184139,2.220073413,1.31086922,1.893691819,2.932685621,-0.229797687,-1.204721406,0.101906263,-1.071480187,1.389648795,1.38276453,1.051159221,1.225052235,1.414114861,-1.38565776430078,-1.1681,1.213062747,-0.309544985
6/1/10,1,7625.83,17012.42,1488.41,1151.46,2324.56,159.31,0.03,0.14,1.8047,76.4,1.282609871,1.514829878,0.821535752,-0.188140412,2.257122366,-0.754848718,-1.391322367,0.054340989,-1.375918352,-0.174255196,0.403370976,-1.235847334,-0.99160232,0.872668554,-0.965117109814787,-1.2170,0.464599378,-1.309631067
7/1/10,1,7952.98,17555.47,1495.98,711.76,2839.88,76.98,0,47.43,1.7549,76.44,1.321442851,1.480112374,0.826773623,-1.548120578,2.28469303,-0.756265426,-0.69945023,-0.768435479,-1.368107541,-0.246819761,0.563497764,-0.693624667,-1.160184583,1.3867904,-0.709877929458227,1.3189,-1.374440291,-0.672629516
8/1/10,1,9168.74,19085,1155.82,1344.99,3564.14,132.66,0.33,210.39,1.7559,76.82,1.708457713,1.731078798,0.364210097,0.66249624,2.316953906,-0.741633417,1.51103106,-0.62558775,-1.050464492,1.385292312,1.368333063,-1.413945048,1.040159389,1.287475864,1.40942771594945,1.3813,-0.685486621,1.408939907
9/1/10,1,8904.42,18726.31,824.13,1299.15,3308.73,95.1,0,363.06,1.7079,75.57,1.285927907,1.307134797,-0.111795058,0.378083943,1.590483112,-0.725705911,2.37007582,-1.480613809,-1.53942941,0.438700651,0.414503247,-1.219565788,0.626118089,0.237213088,-0.707106781186547,1.2112,-1.413978572,-1.350619873
10/1/10,1,8206.69,18136.57,430.53,716.65,3435,127.04,0,322.65,1.7019,75.18,0.761182565,0.916002651,-0.696844002,-1.51016158,1.41586027,-0.725705911,1.583103636,-1.375306397,-1.439471146,-1.363302947,-1.311292741,-1.258065704,-1.411182993,-0.009174644,-0.707106781186547,0.3708,-0.827605889,-0.967302971
11/1/10,1,7430.88,17558.6,139.53,1333.05,2703.61,145.45,17.02,395.15,1.7129,75.74,0.207695196,0.566449407,-1.133784805,0.490788808,0.538584229,0.035886955,1.750235281,-1.041322508,-0.963317456,-1.245794309,-1.220609241,-1.159229894,0.766170753,-1.395650684,1.4142135623731,1.1753,1.185998907,1.037996297
12/1/10,1,9598.52,20795.9,145.96,2815.51,3505.67,114.95,30.95,427.41,1.6613,73.74,1.302545304,1.519438255,-1.137672896,2.792344234,1.189238361,0.611344894,1.629895461,-1.641794697,-1.637891492,1.323073575,1.39426356,-0.683280477,1.355272963,0.802317168,1.18202394381805,1.0426,-1.384952775,-1.361141216
1/1/11,1,6683.22,15031.61,107.13,1188.4,2538.73,113.61,113.7,235.51,1.6736,73.19,-0.803165832,-0.908628436,-1.213769143,-0.331241275,0.002080828,2.679311907,0.331334461,-1.372409131,-1.567586535,-0.987588683,-1.171477097,-1.397237873,-0.803182906,-0.893259833,1.40159885668864,-1.3967,-0.408981074,-0.943081679
2/1/11,1,7359.39,16621.03,111.01,1677.64,2734.51,59.85,129.7,299.15,1.6632,74.67,-0.609660632,-0.483044051,-1.16504411,0.528436088,0.094748315,2.186762065,0.635307269,-1.327441611,-0.828818095,-0.418168656,-0.354527887,-0.593093848,-0.317194948,-0.459497387,0.883866564407584,-0.2699,-0.524072677,1.315193428
3/1/11,1,8758.76,19172.56,1383.49,1143.71,2885.06,116.21,228.16,102.29,1.6325,74.77,0.748210278,0.921863702,0.649346419,-0.428423842,0.160586808,2.597433174,-0.675514891,-1.554527243,-0.643811758,1.340145768,1.307882872,1.414208647,-0.797482911,1.168112651,1.40238484122945,-1.3414,-1.371703536,0.775190154
4/1/11,1,10306.85,20083,2417.29,1536.03,3129.3,196.34,113.51,29.51,1.5743,72.21,1.936283663,1.302973815,1.844677307,0.279367431,0.451610423,0.8354758,-1.14839196,-1.926501735,-1.968855967,1.244815771,0.994643367,1.180389502,0.37003418,1.30939527,-0.860843311608265,-1.0021,-1.329986553,-1.413372533
5/1/11,1,12099.15,23057.4,2558.51,2681.82,3607.07,56.24,74.06,10.59,1.5805,73.42,2.390276399,2.220447349,1.826201649,1.917409919,1.342066398,0.214125114,-1.263171634,-1.578035595,-1.023871394,1.25347508,1.378259743,0.837612399,1.37095573,1.333734679,-0.987092371541786,-0.9328,-0.584987487,-0.044629916
6/1/11,1,10946.48,22518.37,2232,1776.45,3486.53,122.06,38.94,3.37,1.5635,72.38,1.311433956,1.565175852,1.277364648,0.408138066,0.924628694,-0.338891665,-1.315249625,-1.597126655,-1.459169964,-0.230591677,0.488516502,-1.275978959,-0.449297583,0.388901949,-1.20036507200761,-1.0089,-1.319210772,-0.542206064
7/1/11,1,10675.66,22193.04,1841.15,2023.01,3741.5,178.07,0,78.91,1.5497,71.76,0.961053456,1.187179011,0.794713194,0.664217031,1.334050221,-0.90629751,-0.850689666,-1.517710609,-1.556402885,-0.91506615,-1.112534808,-1.259672918,-0.359565085,1.246368681,-1.24525019932636,1.4089,-1.180208098,-1.109676289
8/1/11,1,12761.69,26076.7,1898.96,2396.57,4469.09,145.66,0,449.85,1.5896,73.43,1.778891442,2.046285756,0.768780059,1.092461079,2.270206084,-0.905568936,1.358777294,-0.773807481,-0.317533115,1.404100461,1.41017698,-0.532626497,1.299302567,1.369294345,-0.707106781186547,1.3964,1.329699634,1.315407194
9/1/11,1,11351.68,23191.37,1458.15,1379.26,4083.71,87.33,0,500.55,1.8792,78.12,0.876350825,0.920209162,0.246065651,-0.554077737,1.289729317,-0.905568936,1.477343653,2.633549897,2.395137262,-0.281541625,-0.381975925,-1.403881704,-1.317770149,-0.048416683,,0.8377,1.405483955,1.368117116
10/1/11,1,10921.98,22056.07,739.96,1750.55,3798.36,220.48,0,442.23,1.7173,78.22,0.539948183,0.450330217,-0.55658298,-0.107285433,0.710930365,-0.905568936,1.048096896,0.76292603,1.918875124,-0.962677717,-1.015476225,-1.31000324,-0.217866996,-1.159569847,,-0.8492,-0.09619994,0.729361853
11/1/11,1,10056.9,21666.08,878.2,1522.51,3670.8,112.54,0.02,258.09,1.8085,78.06,-0.040494395,0.218355707,-0.502416085,-0.570828969,0.371094369,-0.870892635,0.120089334,1.543942537,1.572764336,-1.33705791,-0.986745579,-0.473223214,-0.18486018,-1.043637363,1.41421356237309,-1.3762,0.103110755,-1.111167799
12/1/11,1,10492.45,21999.06,696.24,2527.36,3672.56,164.4,0.31,213.4,1.8663,79.39,0.169506084,0.29822179,-0.81144479,1.489664548,0.346704321,-0.811645902,-0.030581783,1.688088,1.688694975,0.005681867,0.53486373,-0.969994643,1.380692306,-0.692320628,1.41186241600504,-0.9206,1.123858605,1.4056039
1/1/12,1,6939.92,15949.18,461.79,1553.98,1834.6,114.52,58.28,221.45,1.7471,76.75,-1.959262173,-1.929322241,-1.192991428,-0.602286965,-2.39307505,0.067750223,0.023445304,0.574246768,0.570775776,-1.405252668,-1.412517876,-1.272839707,-0.673105012,-1.414213076,1.41420035672579,-0.4900,-1.2368865,-1.221640396
2/1/12,1,7434.52,17926.5,715.52,1665.7,2187.26,132.5,101.17,72.18,1.7177,75.45,-1.678418373,-1.32443623,-1.020547914,-0.356730108,-1.641761345,0.744073118,-0.729943569,0.278801363,0.046228847,-0.543840129,-0.277286484,0.789041518,-0.574770805,-0.474053948,1.15939436931409,-1.4126,-0.92344621,-1.065551398
3/1/12,1,10137.2,20739.37,2062.71,2115.64,2775.67,89.05,123.44,73.03,1.8263,79,-0.128586867,-0.287122434,0.775327655,0.493338606,-0.812015764,1.703588972,-0.704686884,1.035674967,1.194760532,1.399537327,1.28943324,1.398757561,1.389029395,1.313350451,1.07771424859406,-0.7010,1.364926511,1.318352071
4/1/12,1,10066.32,19461.6,2261.5,2250.98,2566.94,111.73,93.42,26.93,1.9073,81.1,-0.160058275,-0.768678337,1.088168066,0.686998271,-0.990452462,1.16165884,-0.966284943,1.411434632,1.594527189,0.678740772,0.074591646,0.846886674,0.960130847,0.2339474,-0.989429942684138,-1.4140,1.161222389,1.107877918
5/1/12,1,11841.79,23146.07,3841.23,1779.81,2752.95,86.07,48.95,42.64,2.0226,85.53,0.97100879,0.685958791,2.418000535,-0.330105001,-0.645703813,0.231245595,-0.905305239,1.81984312,2.184285287,1.413334388,1.329195296,1.406838568,-1.358078125,0.582124679,-1.29583739386214,-0.2557,1.289533855,1.34222844
6/1/12,1,9364.5,19181.69,2591.95,1065.16,2747.89,100.46,26.3,33.27,2.0093,87,-0.506130508,-0.75710149,1.015609546,-1.843387956,-0.566716916,-0.255739133,-0.989380362,1.457415212,1.981197967,-1.016473185,-0.78316495,-0.450198958,-1.299470125,0.677662717,-1.07328659426247,-0.1565,0.57405316,0.979660023
7/1/12,1,9992.02,20837.12,2249.73,1348.03,2843.11,158.77,14.12,419.32,2.0569,85.92,-0.076571827,-0.071222349,0.6129563,-0.993937701,-0.355604148,-0.567145933,1.08424805,1.567336995,1.48500694,-0.387432651,-0.133992303,-0.942360544,-0.168913641,1.412635754,-1.08579312783745,1.4139,1.36138578,-0.369910715
8/1/12,1,10783.31,22241.32,1426.02,2334.21,2757.45,89.27,11.22,721.02,2.0297,86.89,0.599455299,0.732570398,-0.195143137,1.310548008,-0.330310145,-0.666299096,2.180665388,1.237641022,1.470930598,1.269053111,1.189886764,-1.35534643,1.381977036,-0.592511718,-0.917336432066883,1.1717,-0.116247639,0.590734025
9/1/12,1,9457.67,19890.12,1009.44,1496.66,2432.27,124.17,23.8,846.63,2.0258,87.63,-0.250314278,-0.270932289,-0.577902425,-0.68589684,-0.699852816,-0.432695119,2.142385038,1.046045824,1.360428209,-1.138510496,-1.13820881,-1.07166022,-0.528979675,-1.386327456,1.37952853860257,1.0278,-0.843371046,1.166322903
10/1/12,1,9234.07,21187.49,573.74,794.29,2642.35,202.43,7.07,987.6,2.0299,87.34,-0.321934264,0.433583318,-0.993866608,-1.816914424,-0.195682632,-0.86155756,2.020416816,0.924657268,1.089104161,-0.864289809,0.084422827,-1.233800003,-1.187383277,0.23516555,-0.978469805028455,1.2476,0.759428159,0.175180148
11/1/12,1,8853.55,19707.71,166.14,1573.94,2637.41,163.55,17.73,1071.62,2.136,87.99,-0.534192304,-0.254477132,-1.268824707,-0.26995047,-0.040498738,-0.657327443,1.75853769,1.485053246,1.044472378,-1.316070343,-0.841015341,-1.210917372,0.81440818,0.681724053,0.221253411078408,1.1096,1.413451992,1.26626482
12/1/12,1,9273.96,19684.37,90.02,2311.01,2811.41,138.11,93.55,771.59,2.0428,88.5,-0.136897212,-0.171910747,-1.233689598,1.311395125,0.797313981,1.06138272,0.839530594,0.633491037,0.979919683,0.809751002,-0.723638811,-0.878709409,1.213124475,1.413773902,1.4051501242326,-1.3611,-0.566253659,1.172630219
1/1/13,1,6542.31,15757.15,0.26,473.63,2257.9,103.86,132,946.66,1.9916,86,-2.141887291,-2.283704784,-1.234196183,-1.940226295,-1.727259843,1.636168371,1.083601061,0.079228825,0.289339664,-1.399696923,-1.414194942,-1.256898744,-1.297031991,-1.345749447,1.07228822596552,0.1357,-1.090730136,-1.387614573
2/1/13,1,7050.65,15478.94,516.59,1032.22,2127.17,134.19,110.66,648.47,1.9775,83.58,-1.675948367,-1.979044901,-0.761960026,-0.858061603,-2.216573728,1.128114908,0.253888553,-0.366847145,-0.704017962,-0.481926573,-0.778310037,1.395372999,-0.312149739,-0.915957988,-0.0896445975343198,-1.1478,-0.943345548,-1.218053015
3/1/13,1,8876.82,18360.47,1910.52,1290.21,2500.2,62.3,61.58,473.77,2.0219,82.97,-0.291117009,-0.557686782,0.455057746,-0.326381151,-0.416203771,0.195831203,-0.297174826,0.018857575,-1.348506722,1.383573407,1.408787098,1.365096149,1.050985389,1.327206043,-1.35106168523986,-1.1056,1.344199327,-0.927274932
4/1/13,1,10470.71,20550.84,3797.34,675.67,2535.73,214.68,40.72,174.56,2.0014,83.3,0.82665571,0.401241689,1.735373445,-1.184378636,-0.238493603,-0.205135757,-1.20419686,-0.712577539,-1.528244494,1.196098708,1.165510174,1.281267948,-1.284723972,0.801059837,-1.03237894360947,-1.3169,0.062463495,0.066851133
5/1/13,1,11502.34,21654.86,4152.65,1096.95,2950.35,59.01,0.17,78.35,2.1386,84.33,1.639712834,1.03724864,1.916047249,-0.349302106,1.479580484,-1.054133877,-1.508319085,2.050679233,-0.872820164,1.128723063,1.070886621,0.879933109,0.296233393,1.410646179,-1.33299494507573,-0.9733,1.400584222,1.375427096
6/1/13,1,9917.28,19331.84,3437.19,728.29,2591.04,157.77,0.16,72.1,2.2322,90.18,0.430714989,-0.110684309,1.272042328,-0.930732729,0.002203825,-0.967879481,-1.559304283,2.45353881,1.809856558,-1.085239872,-1.244443482,-1.227497259,-0.562071298,-0.55129611,-0.707368301286052,-0.7727,1.140858006,1.400527338
7/1/13,1,9982.57,20357.39,3059.71,692.16,2665.9,188.68,0.01,186.61,2.2765,93.45,0.479273599,0.417759155,0.931797667,-0.868030259,0.411542967,-0.925040682,-1.111733606,2.147373933,2.232933178,-0.662059543,-0.095357107,-1.081398166,-0.803573645,-0.45136361,-1.41201130789026,1.4125,1.056522895,1.094747678
8/1/13,1,10616.03,21214.51,2894.18,1088,2640.52,145.04,0,707.12,2.3855,98.06,0.963856066,0.931804981,0.720929848,-0.0336351,0.349364052,-0.889928322,0.357051593,2.235879157,2.399930296,1.409145815,1.186639742,-1.039331565,1.409387552,0.258432084,-0.774328781746271,1.3938,1.357330674,1.287975238
9/1/13,1,10491.9,20745.6,1851.42,1553.75,2789.84,127.49,0,772.81,2.2169,94.79,0.785477063,0.639027265,-0.012946414,0.903206753,0.892412938,-0.824980644,0.565975359,0.758722572,1.364853422,0.468470031,-0.076761875,-1.402880574,1.25649242,1.396261832,-0.707106781186547,0.8287,-1.089646638,-0.332262179
10/1/13,1,9626.12,20636.72,819.71,980.88,3219.18,190.66,0,806.76,2.2399,91.47,0.138529238,0.617472436,-0.723236087,-0.29664027,2.071076606,-0.804910261,0.736135965,0.797626694,0.577691938,-1.404816258,-0.913069518,-1.222564489,-0.911464144,1.369842537,,1.0766,-0.54743971,-1.227830574
11/1/13,1,9125.67,18918.41,349.31,1574.21,3008.83,154.06,0.34,775.65,2.3361,94.71,-0.239344481,-0.246762554,-1.063219274,0.92684435,1.130414779,-0.753363399,0.784303127,1.30739678,1.079403915,-1.102517768,-1.412217256,-1.048075864,0.743980152,0.016429996,1.41421356237309,-0.6128,1.390630494,0.6810851
12/1/13,1,8796.54,19537.52,23.42,1770.64,3204.88,288.23,2.6,607.48,2.3592,95.87,-0.445056424,0.083010122,-1.275848456,1.780200178,1.51254023,-0.578591909,0.288596045,1.229628619,1.119390487,-1.13241501,-0.225215059,-1.144391788,0.979191228,0.631292523,1.40394425931965,-1.3992,0.918794964,0.995348633
1/1/14,1,6891.09,15741.67,17.81,1111.43,2482.32,74.57,5.48,572.73,2.4128,95.6,-1.913038434,-1.897703904,-1.282294257,-0.062598153,-0.791238888,-0.385546254,0.304754849,1.350343904,0.906202465,-1.400994172,-1.397779991,-0.725130386,-1.353359946,-1.364683074,1.27091063957616,-0.8941,1.35191436,0.41700053
2/1/14,1,7169.02,15825.85,1385.83,795.77,2192.74,171.63,0.71,212.43,2.3435,94.72,-1.734903275,-1.926454235,-0.414776709,-0.895871401,-1.808083464,-0.446975472,-0.867071998,0.744751324,0.612509157,-0.535281665,-0.683192101,1.414204607,-1.0591749,-1.019467933,-1.13191668275377,-1.4097,-0.954999516,-1.378117303
3/1/14,1,9236.14,17467.73,3147.58,975.55,2391.71,102.8,1.98,122.63,2.272,91.68,-0.190532671,-0.972990718,0.734446469,-0.316591722,-1.079907521,-0.213709727,-1.031395617,0.037319134,-0.153597985,1.405870677,1.41289018,1.272750466,0.113188902,0.298640692,-0.36852809263761,-0.9253,-1.231073659,-1.381474579
4/1/14,1,10607.34,19577.25,4134.75,1078.4,2063.4,127.2,1.08,124.63,2.2327,87.63,0.84283532,0.173385002,1.359633953,-0.127771024,-1.748460883,0.022866612,-0.997174919,-0.704104894,-1.369696671,1.13439588,1.272345059,1.0953107,1.100120751,-1.129723319,-0.331262940211345,-0.6831,-1.09085397,-1.278584402
5/1/14,1,11385.5,20540.38,3866.21,1435.62,2593.56,197.15,1.3,28.94,2.2413,86.9,1.45686047,0.773584318,1.220986896,0.842307422,-0.173793801,0.104604541,-1.284604276,-0.835207327,-1.844482315,1.098255635,1.048382854,0.360008941,1.381771021,1.116823703,-0.400257336967715,-1.4140,-0.436709432,-0.873571521
6/1/14,1,10861.39,20288.08,3572,1417.72,2311.93,153.74,0.26,18.68,2.2145,87.05,0.956756496,0.579037763,1.004470895,0.6559305,-0.888592891,-0.575582994,-1.28094707,-1.194535208,-1.566024564,-0.2778422,0.37481897,-1.242936266,0.651946622,-0.050944047,-1.38543882783486,-0.8119,-1.342571959,-0.455338866
7/1/14,1,11629.53,21921.46,3151.18,2602.57,2185.53,146.14,0.42,118.59,2.2638,87.49,1.312221601,1.315119654,0.710877642,2.642866067,-1.069692643,-0.500785902,-0.92242408,-0.437721553,-1.216374361,1.052813512,1.399583653,-1.29030808,1.41409069,-1.044532248,-0.524890659167824,1.4080,1.187632139,1.371262766
8/1/14,1,9801.29,19224.65,2135.35,1488.9,1908.71,184.26,0,474.68,2.2362,88.77,0.11515414,0.012117331,0.066853564,0.195306514,-1.471027405,-0.777232885,0.295582777,-0.712164954,-0.749173047,-1.284491865,-1.130083191,-1.355610449,-0.640493566,-1.346171481,-1.30963106681129,1.3832,-0.097482185,1.370677758
9/1/14,1,9336.67,19370.17,1347.5,1327.19,2226.33,180.18,0,494.92,2.4461,89.59,-0.142290588,0.15678222,-0.441102711,-0.114776682,-0.607308815,-0.777232885,0.473747501,1.974677232,-0.405676221,-0.928726645,-0.647540174,-1.170032138,-0.844907888,0.846743384,-0.707106781186548,0.7649,1.403823869,1.126347412
10/1/14,1,8139.93,18169.79,363.99,1301.08,1890.4,153.79,0,562.9,2.4779,92.87,-0.86633511,-0.405853095,-1.058884727,-0.23742106,-1.244624943,-0.777232885,0.870847754,1.834969165,0.527094308,-1.361281635,-1.405463306,-1.267264619,-0.858414786,-0.765637254,,1.3799,0.850182263,1.38873015
11/1/14,1,6843.76,15506.38,81.6,1376.06,1579.65,123.43,20.65,524.26,2.5651,94.97,-1.456105988,-1.555882356,-1.211190655,-0.031747025,-1.715935427,3.194221022,0.900100101,2.060378005,1.128942633,-1.240698989,-1.34750433,-0.951189754,1.328421565,-1.208543425,1.4142135623731,-0.1114,1.366309762,1.126209757
12/1/14,1,7578.81,17289.83,73.57,1446.46,1992.82,190.37,68.83,620.58,2.6582,96.64,-0.911055546,-0.561547716,-1.223295635,0.195260822,-0.585031734,3.172023009,1.315430609,2.086997901,1.553975357,0.10923642,0.271810519,-0.736627631,1.21168315,0.978285977,1.3524407990654,1.2970,1.237883174,1.175634468
1/1/15,1,5832.44,13481.5,35.1,1188.71,1196.69,251.72,113.5,593.47,2.6836,93.33,-1.748860697,-2.044391516,-1.250940274,-0.426562812,-2.359957397,2.772115602,1.177688218,1.7855289,0.70666707,-1.283983993,-1.249789009,-1.39564046,-1.363956884,-1.208963359,1.20902397187629,0.3460,0.941609155,-1.221028019
2/1/15,1,4991.23,12010.58,346.16,676.72,1268.48,126.63,103.12,206.39,2.8389,98.77,-1.842740066,-2.082055238,-0.953890989,-1.557993297,-1.687983867,1.862174366,-0.515791161,1.98490447,1.930849857,-1.060523138,-1.011467587,1.405086616,-1.335520586,-0.604927739,0.417553077503446,-1.4118,1.402244658,1.127384699
3/1/15,1,7522.9,16748.83,2211.79,849.86,1387.46,143.38,29,132.94,3.1974,106.96,-0.559509402,-0.384737809,0.282933731,-1.112589699,-1.178015563,0.020088464,-0.843805693,2.384813455,2.47618459,1.336850789,1.347617303,1.401817219,-0.259769748,1.312414732,-1.40521599737807,-0.8811,1.351419548,1.29833442
4/1/15,1,7545.57,14986.77,2534.26,1088.39,1162.03,162,38.15,32.03,3.0144,103.69,-0.441154994,-0.854507794,0.640965585,-0.583515296,-1.40247941,0.171818694,-1.210092321,1.437757836,1.541596579,0.716540842,0.206966613,0.867658464,1.284202512,-1.201434878,-0.56390749421468,-1.2837,-0.017080273,0.163394049
5/1/15,1,8586.68,16625.68,3612.72,1149.74,930.58,151.76,13.24,6.83,3.1787,104.13,0.19497542,-0.185480443,1.46611346,-0.391395489,-1.628219143,-0.482433943,-1.296386985,1.590079941,1.34297884,1.413967561,0.629057226,1.379640461,0.930867901,-1.230088491,-1.31770142202984,-0.9256,0.590324918,-0.549819142
6/1/15,1,9531.02,18746.13,3762.21,1445.92,1217.94,224.56,0.02,23.41,3.103,105.07,0.814258897,0.661149991,1.537836359,0.260324674,-0.849225809,-0.816835497,-1.230937041,1.161892147,1.259049376,1.204370276,1.273559921,0.839327746,1.395892057,0.919826282,-1.08275196010572,0.2537,0.064041393,1.343579272
7/1/15,1,9021.11,18334.88,3224.05,1001.82,1365.21,209.11,1.64,218.01,3.4211,108.32,0.791085852,0.730105466,1.138255334,-0.793035699,-0.376316594,-0.77994256,-0.457175092,1.729097099,1.480306957,-0.065192246,0.471225368,-1.362060952,-1.068781864,1.074707985,-0.565048982539334,1.4107,1.377038238,1.381520915
8/1/15,1,7318.1,15320.17,2004.89,1132.64,971.29,147.68,0,389.03,3.6198,116.79,-0.28231476,-0.50123584,0.268454773,-0.14409739,-1.174924776,-0.821599329,0.314488277,1.877928205,2.095806125,-1.379561494,-1.405643299,-1.349583925,-0.326403228,-1.313875332,-0.720080364157014,1.1976,1.120499928,1.362257005
9/1/15,1,7155.68,15467.64,1429.98,788.14,1265.74,119.88,0,580.17,3.9471,129.34,-0.288165464,-0.306053104,-0.15182305,-1.364788013,-0.277526967,-0.821599329,1.08718069,2.073114338,2.474699017,-0.801174329,-0.653306151,-1.055692695,-1.310363773,0.388588334,-0.707106781186547,1.2468,1.311554502,1.295874559
10/1/15,1,7269.34,15762.37,989.57,911.49,1095.97,170.95,0,919.88,3.8568,127.47,-0.136408426,-0.051882507,-0.522098032,-0.725696697,-0.697344024,-0.821599329,2.008707646,1.545530994,1.793120578,0.317906679,1.336224593,-1.167255054,-0.228742803,-0.124546722,,1.3219,0.354293693,0.531203305
11/1/15,1,5859.92,13603.59,551.13,671.7,900.82,97.34,0.01,799.06,3.8685,121.97,-1.174831818,-1.089588721,-0.904680649,-1.42201776,-1.189622903,-0.760018263,1.384917421,1.334586498,1.105849585,-1.410483566,-1.402962726,-1.223828731,-1.212812585,-1.252129286,1.41421356237309,0.2325,-0.556170257,-1.371449549
12/1/15,1,6466.39,15694.23,281.72,876.17,1274.88,179.11,54.64,1036.37,3.964,122.1,-0.614085027,0.06930178,-1.142848107,-0.479862774,0.672656989,0.640460895,1.781411809,1.323518954,0.94763866,-0.113456705,0.672831682,-1.116695016,0.533421794,1.206641562,1.41421354460649,1.2172,1.40719853,-0.681590588
1/1/16,1,4747.88,11024.62,147.64,811.49,656.11,197.21,25.65,731.13,3.9991,122.64,-1.706634207,-1.982962399,-1.266654648,-0.645346292,-2.225888714,0.117157046,0.859151596,1.228995398,0.861145226,-1.325858653,-1.265134063,-1.067979968,0.293405763,-1.131194174,-0.0500375416821314,-0.9506,1.000872884,1.39034545
2/1/16,1,5242.58,13103.87,715.35,512.91,685.59,146.96,25.83,892.18,4.0163,120.27,-1.403005611,-1.137209755,-0.865023055,-1.793805794,-1.645856222,0.567747245,1.101943059,1.113861057,0.498162271,-0.336466756,-0.089191343,1.377648282,-1.394378752,-0.654756112,-0.700490403137802,0.0451,1.06443711,-1.380399444
3/1/16,1,7386.05,15845.54,2924.9,510.26,776.31,153.16,44.07,337.94,3.5928,112.65,0.150553937,0.230932708,0.84359191,-1.509794468,-1.079841269,1.409969028,-0.439595695,-0.109893907,-0.404301442,1.39204038,1.276828854,1.38749766,-0.716457937,1.374509864,1.41416242448491,-1.3566,-1.413303027,-1.377289326
4/1/16,1,7738.51,15082.23,3532.37,700.86,960.8,117.58,14.85,58.12,3.4351,110.04,0.391925044,-0.148730884,1.186983904,-0.66526679,-0.209644925,-0.008035153,-1.227365718,-0.747315077,-0.817129472,0.860844982,0.350560437,0.943033892,1.414109617,1.338197485,-1.11192943688338,-1.0713,-1.003644761,-0.986148938
5/1/16,1,8298.05,16596.33,3600.31,532.94,1341.71,131.87,4.97,4.97,3.6109,108.67,0.824717457,0.598544244,1.239302755,-1.100270234,1.228846653,-0.508566005,-1.373970613,-0.335218361,-1.097797215,1.306265619,1.221355173,0.816023912,-0.569503519,1.339885016,-0.983495908468001,-0.8812,0.81862791,-1.080215288
6/1/16,1,7817.5,16602.95,2971.37,966.24,1082.61,159.45,0,4.4,3.2126,104.88,0.663049401,0.774470992,0.869125015,0.92842436,0.215063523,-0.779134859,-1.363089102,-1.95522473,-1.583522331,-0.541339031,0.71172904,-1.407348635,1.305607421,-0.288114955,-1.07043253423066,-0.7184,-1.269705475,-1.366984267
7/1/16,1,7028.04,15142.72,2424.56,906.79,996.43,96.57,0,184.3,3.2491,99.55,0.162318251,0.133259714,0.513491208,0.690131369,-0.019741659,-0.767527533,-0.852747338,-1.628869117,-1.901340176,-1.311179116,-1.414202613,-1.195255744,0.546433981,-0.980140227,-0.707106781186547,1.4142,-0.603158327,-1.287577099
8/1/16,1,7225.35,16863.03,1590.49,1068.83,1256,162.32,0,431.9,3.2263,98.17,0.362263046,1.102157514,-0.1416251,1.662128303,1.022229229,-0.767527533,-0.182974063,-1.439910958,-1.636918719,-0.392333163,0.871870487,-1.300326389,1.317954776,1.33698633,,1.2840,-0.201488251,-0.932058578
9/1/16,1,6560.21,15684.38,606.52,1102.11,1420.28,204.95,0,491.26,3.2613,99.1,-0.236816731,0.367038835,-0.864008831,1.514658559,1.571880841,-0.767527533,0.00083005,-1.115523916,-1.319229978,-1.353957627,-0.295648993,-1.256982122,0.89311579,1.12353729,,0.9185,1.084647707,0.278439887
10/1/16,1,5669.26,13594.44,413.79,1110.38,1110.6,141.46,0,190.52,3.1939,95.95,-0.943428825,-0.783358832,-0.951449666,1.363168583,0.295472887,-0.767527533,-0.692266746,-1.120075381,-1.398674193,-1.279504518,-1.321553994,-0.88581717,0.924758958,-1.199112946,,-1.3894,-1.208696685,-1.354584304
11/1/16,1,5539.6,14212.82,130.91,1161.05,1233.89,148.53,0,156.35,3.3857,98.84,-1.017655139,-0.452074713,-1.113215206,1.318624234,0.682299872,-0.767455809,-0.658501889,-0.410882997,-0.940063382,-0.845181885,-0.324430438,-1.294398995,1.402290237,-0.165228907,,-0.8176,1.326683132,0.614087187
12/1/16,1,5905.73,15773.21,273.12,689.95,1769.02,268.23,0,172.11,3.25,97.55,-0.626282525,0.494803313,-1.005221252,-0.632685022,2.133134358,-0.679355468,-0.487309763,-0.716594577,-0.92867446,1.325176912,1.359537299,0.004444989,-1.407410669,1.392107872,,-0.0633,-0.329531232,0.087415204
1/1/17,1,6786.03,14827.88,364.83,1764.35,1620.23,201.51,30.47,243.73,3.1486,93.08,0.02061239,-0.39312462,-0.963431906,2.432826576,1.40546757,1.39518024,-0.084517499,-0.969735054,-1.308845083,1.355246607,-0.171542457,1.127882499,1.271772849,0.351103821,1.4142135623731,1.3938,-1.161641018,-1.381642931
2/1/17,1,7364.54,15275.98,1404.18,2072.79,1469.34,158.76,33.95,86.2,3.1097,91.5,0.499589696,-0.194378809,-0.219530061,2.283283733,0.784414781,1.496994167,-0.734965907,-1.248710977,-1.44600879,1.132241405,-0.042415274,1.41044118,0.95116095,-1.227595614,0.818128141887844,-1.2601,-1.010010173,-0.992670303
3/1/17,1,10011.38,19854.74,3534.06,1311.57,2326.46,169.32,22.03,43,3.1224,92.12,2.381593567,2.639890862,1.336588011,0.464086614,2.556791764,1.055212099,-0.86428396,-1.04342145,-1.211289822,1.394063883,1.409619624,1.339053594,-1.294421943,1.394857077,-1.35603697894765,-0.9426,-0.277837776,-0.174361267
4/1/17,1,9000.59,17484.57,3948.24,1000.11,1622.61,159.67,5.54,27.09,3.1765,93.26,1.339606817,0.938962676,1.560564005,-0.346511517,0.5272816,-0.205218329,-0.939546761,-0.528144919,-0.903855014,0.191110787,-0.028807394,0.884726633,-1.023995846,-0.491755687,-1.28488592742605,-1.0013,1.391371318,1.326207185
5/1/17,1,9702.48,19726.04,4063.42,1084.2,1651.58,224.48,3.72,53.18,3.2266,95.64,1.61273868,1.833384991,1.553788263,-0.281924027,0.531119906,-0.34299055,-0.814606165,0.184571915,-0.270549241,0.309742095,0.647150137,0.945165255,-0.363024461,-0.66209507,-0.814713655495342,1.1261,1.20877631,1.341103066
6/1/17,1,9587.65,19535.15,3353.72,1974.96,1365.73,172.44,0,90.79,3.3072,99.23,1.317922031,1.445508297,1.021871969,1.696211348,-0.35889143,-0.642796662,-0.636783159,1.139782682,1.067005894,0.512062311,0.610950474,-1.397953654,1.409923402,-1.408207881,-1.33876548684892,1.2916,1.308193377,1.298627792
7/1/17,1,8355.61,17658.9,2534.39,1559.44,1178.01,181.77,0,356.97,3.1266,97.45,0.455053724,0.45715938,0.460509864,0.57649476,-1.016544252,-0.642796662,1.080792414,-1.071151796,0.536424826,-1.41002647,-1.40926874,-1.252942834,0.05470013,-1.132077777,-0.707106781186547,1.4051,-1.266166075,0.006823012
8/1/17,1,8974.12,19336.8,2236.1,1346.38,1334.7,241.54,0,817.55,3.1491,97.36,0.740000598,1.098927526,0.222895082,-0.004326298,-0.553011006,-0.642796662,2.667180845,-0.69064887,0.537085516,0.003300333,0.58598888,-0.998866677,-1.074825483,0.50981394,,1.3183,-0.562475405,-0.758721678
9/1/17,1,8537.62,18533.21,1610.5,1224.51,1608.21,270.93,0,915.59,3.1623,97.51,0.372605228,0.624483004,-0.26350396,-0.339224696,0.267347469,-0.642796662,2.288552854,-0.430803438,0.673972756,-0.326856825,0.034403451,-1.34160006,-1.100084439,1.319486236,,0.8988,1.10595562,1.135549948
10/1/17,1,8465.73,18694.33,939.52,1234.83,1969.73,216.99,0.01,774.49,3.2713,97.91,0.198061818,0.56902642,-0.783742147,-0.343756201,1.207455364,-0.642085596,1.461484342,0.831684169,0.747176019,-0.861058726,-0.46222066,-1.238780579,-0.611528225,1.277242475,1.41421356237309,-1.0397,1.407349086,1.364120501
11/1/17,1,7004.16,16584.24,815.38,877.01,1522.12,193.59,0,537.1,3.2683,99.87,-1.059732098,-0.691169537,-0.959387525,-1.143157196,-0.335337844,-0.642891561,0.608395645,1.155521005,1.405237309,-1.412992948,-1.410882997,-0.877341548,-1.413759637,-0.917363931,-0.707106781186547,-1.3145,0.677309183,1.396370133
12/1/17,1,7273.42,17476.27,913.4,1174.85,1530.43,294.26,7.08,621.33,3.3085,100.99,-1.09062579,-0.271693237,-0.971596691,-0.578203739,-0.240822975,-0.122053951,0.745672976,1.555635333,1.537611004,-0.484456191,-0.125657896,0.448491899,0.506726182,-0.687140359,1.41421250289279,-0.2338,1.411037406,1.099853363
1/1/18,1,7551.82,16769.72,594.26,2097.81,1531.07,172.36,15.53,468.91,3.1869,99.48,-0.960736106,-0.947682418,-1.264353066,1.699988808,-0.212470018,0.779545678,0.216769135,-0.206888706,0.880011726,1.231501037,-0.451938287,-1.349165409,1.374963424,0.784149687,1.25912699139469,-1.1796,-1.337712074,-0.98955649
2/1/18,1,6829.7,15801.99,1093.26,1526.35,1257.56,219.37,4.04,200.2,3.2477,101.89,-1.560226562,-1.789486292,-0.828616622,0.448971496,-1.049716516,-0.115767435,-0.666453197,0.539956506,1.488292014,-1.306841715,-1.283235745,1.09664718,-0.192771384,-1.414210652,-0.996364902671907,-1.3208,0,1.109626736
3/1/18,1,9925.02,20228.66,3434.67,1697.3,1677.46,189.6,9.46,105.42,3.3063,102.57,1.458736226,1.548103987,1.045353955,0.816722929,0.76241356,1.197012289,-1.00393808,1.237120754,1.569753299,1.378614238,1.383308912,1.394942987,-0.319512435,1.084707897,-0.0461653549023588,-0.9922,1.21715384,0.947888661
4/1/18,1,10013.18,19678.34,4112.6,1866.53,1485.28,210,0.01,20.16,3.5072,106.74,1.354049298,0.968752392,1.551211424,1.084636581,-0.118239665,-0.687098128,-1.276359876,2.580078014,2.436995675,0.73667421,0.562810258,0.952784273,1.222675499,0.069025253,-1.1605184461033,-1.2026,1.381051421,1.402309358
5/1/18,1,11061.86,19271.6,4998.53,1659.63,1640.39,248.97,0.08,9.44,3.7239,110,1.904566926,0.719647538,1.974589113,0.402501848,0.651158833,-0.599756901,-1.280755372,2.64752158,2.403271105,1.410774394,-1.159158678,1.275289145,-0.906029654,0.472665268,-0.699206337977441,-0.8282,1.239895263,1.171818085
6/1/18,1,9556.39,19830.02,4199.19,1259.35,1639.85,196.13,0,26.36,3.8765,110.84,0.727858426,1.094058386,1.288571833,-0.619499601,0.540950918,-0.616090706,-1.186941199,2.339464498,1.939688616,-1.037836763,1.003954847,-0.595757793,-1.332428779,0.703404551,-0.842927230423524,1.1026,1.148133962,0.931194089
7/1/18,1,12699.16,21055.29,4078.91,3465.35,1811.67,307.05,0,204.68,3.7574,111.84,2.190196106,1.579750718,1.062740005,2.868553535,1.240289579,-0.616090706,-0.578884936,1.480953627,1.700998058,1.241505662,1.346365694,-0.849326046,1.39355618,1.414208308,-0.707106781186547,1.4099,-0.435727411,1.258659509
8/1/18,1,10578.19,20084.14,3209.66,1992.93,1642.96,250.93,0,497.28,4.054,113.82,0.831115127,0.889076807,0.450392207,0.495522677,0.198135742,-0.616090706,0.441750283,2.002353721,1.668690417,-0.27991645,-0.452675879,-1.405413843,-0.268489928,-0.687647111,,1.3110,1.296776019,1.335148418
9/1/18,1,9989.55,19041.02,1814.55,2598.2,1767.36,144.6,0,590.48,4.0493,116.32,0.424032032,0.207607967,-0.448256718,1.197622889,0.833151771,-0.616090706,0.969665467,1.601683024,1.698608406,-0.944789845,-1.239067998,-1.307850216,-0.144459898,0.373820776,,0.9714,0.690099034,1.269283939
10/1/18,1,11319.45,21671.36,2048.37,3167.49,2071.84,231.69,0,534.35,3.7224,106.32,1.006309634,1.512888563,-0.373350487,1.620893166,2.297810231,-0.615856125,0.924823683,0.452684375,-0.07269511,1.268813662,1.299955388,-0.506761386,1.212049562,1.35686134,,-0.1658,-1.414105508,-1.372812946
11/1/18,1,9934.64,19199.74,1898.53,2084.91,1862.4,169.5,0,635.54,3.8663,106.72,0.124256839,0.014628836,-0.563141629,0.052543564,1.020845703,-0.615856125,1.272822122,0.777913969,-0.111444301,-0.749554533,-0.640184637,-0.227000285,-1.203090468,-0.299803507,,1.1777,-0.097427858,-0.663400206
12/1/18,1,9733.96,19257.63,1572.49,1835.46,1832.51,300.04,11.38,625.48,3.8745,109.46,-0.133124834,-0.042542819,-0.866571414,-0.425934768,0.739065963,1.504281412,1.227875317,0.67131223,0.303610754,-0.844664119,-0.681826148,-1.34550358,-0.911775818,-0.842806123,1.4142135623731,0.5937,0.764992965,1.404497773
1/1/19,1,8151.06,16638.09,768.71,2002.12,1712.96,238.16,64.96,649.03,3.6468,106.18,-1.288941667,-1.691713408,-1.490896193,-0.149079359,0.065803211,3.237329661,1.196632571,-0.292974227,-0.576160787,-1.406735194,-1.413948815,-1.357503175,0.269491782,-1.388726462,1.39505921727772,1.2797,-1.41350087,-0.886752575
2/1/19,1,8079.77,15618.08,1874.53,1493.4,1537.68,138.36,18.68,276.71,3.7568,105.64,-1.648820921,-2.277428421,-0.751992012,-0.946180764,-1.225204088,0.554477602,-0.27996932,-0.024576629,-0.86514485,-0.753276518,-1.013217581,1.005581368,-1.339227206,-1.294229317,-0.547660739043113,-1.4120,-0.027605735,-0.861007935
3/1/19,1,9634.16,17308.72,3021.08,1833.52,1401.74,148.86,25.48,149.95,3.9205,107.76,-0.350288591,-1.041642376,0.17494582,-0.431946006,-1.698959986,0.831204306,-0.803296214,0.704394475,-0.475075237,1.413046495,1.132346853,1.232060151,0.270217945,-1.170028208,-0.533893654819898,-0.9849,1.296551434,1.371085251
4/1/19,1,10380.29,19090.65,3304,2941.23,1136.94,191.54,0.14,65.77,3.921,108.96,0.234140706,0.051105713,0.470920064,1.125432577,-2.328667537,-0.534522949,-1.175973767,0.594661676,-0.167228451,1.059729636,1.235334982,0.923526633,1.378072217,-1.333238203,-1.36586703314792,-1.1347,0.71033901,1.097656582
5/1/19,1,10903.91,20500.5,3403.86,2161.96,1943.57,176.72,0.04,170.2,3.9232,110.69,0.677267789,0.811596367,0.779303698,-0.115470444,1.023382432,-0.539679455,-0.859733822,0.495817932,0.360437494,1.147346441,1.1744964,0.99237185,-0.323497368,1.338887207,-0.71128011573936,0.9191,1.392630036,1.291567533
6/1/19,1,9595.38,18306.72,2883.86,1580.08,2062.18,245.52,0,203.23,3.8499,107.71,-0.4015406,-0.393378193,0.42812989,-1.122179606,1.268425236,-0.541834581,-0.843848348,-0.100117623,-0.494365811,-1.297669558,-1.093528049,-1.390871077,-1.161478034,0.846454396,-1.01904933073014,0.9700,-1.41372142,-1.154007422
7/1/19,1,10895.23,19920.68,2598.55,1557.81,2561.08,216.11,0.32,1016.96,3.8148,106.95,0.993247715,0.636034727,0.294166286,-1.058937661,2.207415479,-0.526434322,2.110461972,-0.446379666,-0.612777628,0.700035959,0.371384722,-1.090442277,-0.746543948,1.390860741,1.40487871737254,1.4134,-1.059178764,-0.929355424
8/1/19,1,10275.03,19565.55,1764.06,1902.42,2808.88,197.58,0,1242.43,4.1453,110.62,0.384429791,0.451352092,-0.633606501,-0.374692494,2.077100817,-0.54368857,2.104838935,2.08098551,0.70855755,0.037330313,0.435012584,-1.371059466,1.411854321,1.067525395,-0.707106781186547,0.9445,1.407589099,1.386735954
9/1/19,1,10304.5,18620.81,1633.72,2093.21,2077.34,165.74,0,1057.07,4.1562,112.63,0.385306712,-0.117108168,-0.774827504,0.078161433,0.361255287,-0.54368857,1.336838499,1.886105598,2.076996742,-0.654899354,-1.363928066,-0.854075815,1.092527747,-1.333493322,-0.707106781186547,-0.4930,0.741227673,1.090024881
10/1/19,1,10918.9,19483.91,1825.88,2027.45,2121.62,269.9,0,984.49,4.0183,112.09,1.108033991,0.625345051,-0.49708973,0.186076298,0.450229376,-0.54368857,0.997060737,0.786870098,1.482070293,1.413051356,0.609448913,1.05700569,0.249665358,-0.639967152,,-1.0144,-1.410635526,0.364983831
11/1/19,1,8992.14,17609.81,1807.97,1403.23,1820.36,151.21,0,688.23,4.2372,113.51,-0.871326524,-0.637118553,-0.508167365,-1.269626773,-0.219608343,-0.54368857,0.237214804,1.794638608,1.675941731,-1.343561348,-1.255660255,0.601266351,-1.408931924,-1.401052709,,-1.3896,1.106238302,1.310036325
12/1/19,1,8992.14,18463.27,1190.96,3203.1,1498.03,186,6.96,708.1,4.0304,111.81,-0.78387887,0.026349594,-1.207622463,2.233068426,-0.853177138,-0.148432442,0.269134309,0.471570572,0.879582172,-0.707106781,-0.072739565,-1.413779615,1.329187144,-1.238303262,1.4142135623731,-0.6324,-0.646028428,-0.88683193
1/1/20,1,8992.14,14429.72,505.06,1707.99,1741.29,144.06,22.5,354.05,4.2829,113.2,-0.943876633,-2.238746969,-1.928625363,-0.527955953,-0.32969749,1.708669297,-0.551488971,1.710978186,1.208235862,#DIV/0!,-1.385423537,-1.245750259,-0.504468722,0.399013222,1.34813692348651,-1.4124,0.904837879,0.486990695
2/1/20,1,8992.14,15356.45,1695.1,2316.02,1481.07,226.7,20.37,66.61,4.472,118.06,-1.194293322,-1.648246746,-0.513023373,0.48877335,-0.879105091,1.441722677,-1.171944522,2.149939334,2.305742524,#DIV/0!,-0.421272961,1.15789818,-0.151515242,-0.77724282,0.546609793310649,-1.1802,1.162147605,1.382133753
3/1/20,1,8992.14,18312.35,3758.8,2023.53,1360.33,86.99,13.54,89.86,5.2059,131.08,-1.070399578,0.004262175,1.655226998,-0.102229709,-1.123478551,0.998271888,-1.091244035,2.854177075,2.944663935,#DIV/0!,1.376795622,1.318612729,0.030945414,-1.052026784,-1.3771241455223,-0.6161,1.387366842,1.364488579
4/1/20,1,8992.14,17593.8,5029.45,1836.38,1613.05,231.49,4.7,2.48,5.4866,141.14,-0.909012579,-0.343179944,2.243800779,-0.328990265,-0.74221797,-0.123953553,-1.265375177,2.354129715,2.613231799,#DIV/0!,0.402207398,1.117162484,-1.126067722,1.242492597,-1.27362333227517,-1.3668,1.009364385,1.169186466