date,total_exports,usdbrl,neer,oil,iron_ore,copper,wheat,corn,primary_product_exports,soybeans
9/1/01,-0.20671917,1.822014561,1.865732641,-1.017133665,-1.059339648,,0,1.382794257,0.534323662,0.348305058
10/1/01,0.213285292,1.580852296,1.629748609,-0.505963345,0.752159846,,0.631168744,0.865077035,0.371623401,-0.445175654
11/1/01,-0.89826059,0.688605356,0.608985759,-0.89364993,-0.950033129,,-0.450834817,1.187500733,-0.730030352,-1.171757607
12/1/01,-1.149885064,-0.201469094,-0.291947393,1.114543597,-1.106384859,,-0.450834817,0.652349643,-0.99906336,-1.162433128
1/1/02,-1.678179776,0.106782355,-0.958270381,-0.578004448,-0.516806224,,-0.450834817,-0.730821894,-1.510816613,-1.219529748
2/1/02,-1.975890271,-0.341240055,-1.144453411,-0.377979098,-1.143102371,,-0.450834817,0.007245562,-1.636435795,-1.285298379
3/1/02,-0.763509403,-0.747521243,-1.535261311,1.886086493,0.183594205,,0.211926695,-1.143029046,-0.743254329,-0.653848717
4/1/02,-0.103854778,-0.663097448,-1.474026345,1.743383332,0.981985758,,-0.479808115,-2.064373842,0.156019871,0.443354329
5/1/02,-0.322051707,0.42973073,-0.676252153,1.952389186,-1.389921693,,3.261070475,-1.677543646,-0.018427039,0.117844383
6/1/02,-0.855643607,2.058491098,0.427721551,-0.433106233,-2.777647935,,-0.226041789,-1.731644662,-0.854278237,0.272279496
7/1/02,2.283564279,2.86641094,1.350755903,2.94845266,2.406375758,,-0.419791894,-1.538112592,2.508197956,1.865785491
8/1/02,1.608520763,1.180197054,1.584256019,0.850564141,1.697167274,,-0.419791894,-1.192774737,1.383313684,1.099366503
9/1/02,1.978579161,2.284571249,1.923428962,0.694962407,0.743083322,,-0.401609664,0.415536573,2.240324104,2.55315307
10/1/02,1.589633545,1.628625049,2.277986474,1.351766877,0.170743744,,0,0.3273407,1.098858542,0.524198316
11/1/02,0.166946247,1.373237618,1.357436604,-0.220684077,0.110707363,,-0.386093671,0.556143781,-0.073450641,-0.696790973
12/1/02,0.205916733,0.991946342,1.156460788,0.442540227,-0.222295705,,-0.386093671,-0.880799839,-0.297211392,-0.639304907
1/1/03,-0.328835053,0.771313907,0.616450597,-0.346295796,0.419044913,,-0.386093671,-0.580401905,-0.510504469,-1.00313339
2/1/03,-0.259617311,0.759384686,0.940721168,1.475208023,-0.032954453,,-0.386093671,-0.870522669,-0.499835658,-1.076409356
3/1/03,-0.081688889,0.202283368,0.471685408,1.005235897,0.036617492,,-0.351921178,0.551162636,-0.048493168,-0.009791329
4/1/03,0.43395716,-1.050193596,-0.531849933,-0.969685672,0.192890902,,0,0.167982759,0.575313315,1.371780775
5/1/03,1.153944629,-1.204137491,-1.181868423,-0.820010529,0.141821518,,2.635375776,1.49813517,0.997763113,1.486534755
6/1/03,0.308266606,-1.623796308,-1.526652622,-0.83428792,-1.34977287,,1.963961012,0.472438715,0.390382261,0.695459662
7/1/03,0.739543302,-1.047605276,-1.471014345,-0.250369947,-0.818358993,,-0.654653671,0.317280861,0.092318504,0.222583726
8/1/03,1.100564125,-1.001691974,-1.070480578,-0.856181896,-1.456932697,,-0.654653671,0.77840201,0.719349284,0.686887118
9/1/03,2.052129495,-1.055939862,-1.109890951,0.829515731,2.74524746,,-0.654653671,2.387545893,1.832567177,0.567435291
10/1/03,1.9509905,-0.987534397,-1.028510576,0.726929413,2.673037421,,-0.5488213,1.249217839,1.765292024,0.578156004
11/1/03,-0.024447299,-0.602568125,-0.74877339,0.12556014,-0.113887389,,-0.5488213,-0.101815597,-0.316605134,-1.055329964
12/1/03,0.814286299,-0.670837623,-0.420251952,1.489212853,-1.157612127,,3.316533467,1.024246347,-0.327583385,-1.226988858
1/1/04,-0.500509295,-0.361779465,-0.506550512,0.719288563,1.578007778,,3.28611407,1.798585019,-0.229586507,-1.214733001
2/1/04,-0.757987678,-0.390796605,0.59038259,0.379226395,-0.215704506,,1.713339893,1.664807578,-0.841577346,-1.169873551
3/1/04,2.020730241,-0.547761516,0.987678094,1.373518552,1.387346353,,2.4623298,2.432985471,1.84453721,0.338901063
4/1/04,0.103953266,0.352556095,1.068720213,-1.705011428,-0.980140718,,0.548520113,-0.170097305,-0.100519669,0.916945512
5/1/04,1.61864678,2.979195707,2.437032094,0.763880717,-0.091827885,,-0.421725712,-0.866958475,1.782308644,1.680395217
6/1/04,2.283273984,1.442256617,2.043314385,1.527377336,0.69441205,,-0.713593019,0.983803296,2.50027824,2.224432733
7/1/04,1.566236696,0.80302139,0.908169607,0.389036069,1.365549968,,-0.713991378,-0.72901536,1.11071438,0.735480225
8/1/04,1.345210636,-0.352517596,0.268769724,1.605022808,1.280640861,3.3166247903554,-0.713991378,-0.283937478,1.225849933,0.445153603
9/1/04,1.067871372,-1.010099523,-0.863097143,-1.939690999,0.388978678,1.39430027305744,-0.713991378,0.231788079,0.603277948,0.61791587
10/1/04,0.457040666,-1.031694637,-1.077292396,-0.190976168,0.423450445,0.825649968763644,-0.713991378,-1.639054128,0.000398022,-0.699848592
11/1/04,0.313315137,-1.876096381,-1.426035362,-0.302307977,0.683663623,1.38310671310546,-0.713991378,-1.443907756,-0.451123243,-1.11080717
12/1/04,0.620340157,-1.877001814,-1.59100353,0.151378533,0.238493006,1.11401169117527,-0.680598798,-1.325189741,-0.640700915,-1.18036722
1/1/05,-0.575558724,-1.727046586,-1.773365279,0.057750438,-0.409069474,0.0910707578904973,-0.551569568,-0.745963923,-1.219207889,-1.233155798
2/1/05,-0.61866548,-1.509763869,-1.849818499,-0.202741409,0.210152701,-0.216887914639971,-0.435953089,-0.247001124,-1.14212579,-1.162961663
3/1/05,1.147753381,-0.878318461,-0.942963427,-1.080421393,0.249748574,0.447721665174651,-0.32210385,0.168971343,-0.222444356,-0.124653049
4/1/05,1.092930467,-1.377158045,-1.536101774,1.109958086,2.211484035,-0.202480835709326,-0.322064868,-1.480076698,0.798351941,0.562137688
5/1/05,1.656224636,-1.698131177,-1.869835791,1.231776484,2.146791856,0.959435473460384,-0.308603374,-1.247376728,1.040748913,0.351842764
6/1/05,1.813295661,-1.743871833,-1.873491958,-2.00218728,2.155363603,-0.254862275767537,-0.301511345,-1.198691508,1.337053671,1.236018145
7/1/05,2.09522519,-1.338927791,-1.733266346,2.988916847,1.488895834,0.937950082010822,-0.301511345,-1.02520043,2.200783186,1.09114507
8/1/05,1.812572545,-1.266615642,-1.440407949,1.583645573,1.57772382,-2.17889687620781,-0.229811023,-0.876129933,1.781163531,1.122529217
9/1/05,1.059465025,-1.670883443,-1.455343727,1.053356683,0.825815984,1.0717417356088,-0.308603374,-0.833532607,0.821210663,0.603033235
10/1/05,0.375956959,-1.369907579,-1.504122288,-0.550185178,1.189031377,-1.02971757509661,-0.308603374,-0.746914582,0.182049706,0.119511667
11/1/05,0.954148508,-1.413900427,-1.579885604,0.589701176,1.29443384,-0.240497977933384,-0.308603374,-0.652167121,0.51113825,-0.403242702
12/1/05,0.852246561,-0.480918421,-1.03580608,-0.206083087,1.375212818,2.28928665316057,3.314884332,-0.511062951,0.081197996,-0.991913179
1/1/06,-0.764614873,-1.110563785,-0.913049912,1.346830947,-0.192637428,-1.41029153962726,2.87528216,-0.078108631,-0.435909709,-1.381162525
2/1/06,-1.658604392,-1.449424629,-1.306462548,-0.64598755,-0.706250187,0.019789724448032,0.607510201,1.18023928,-1.814669379,-1.541900608
3/1/06,1.290092127,-1.161503067,-1.296940716,-0.228015428,2.000367166,0.087903194641259,1.1814187,1.647478621,0.203526298,0.75925933
4/1/06,-0.648799311,-1.693581644,-1.265769418,-0.088886192,-1.545150477,-0.16576196885413,-0.352100063,2.251053497,-0.529781176,0.901389703
5/1/06,-0.124694572,0.644507565,-0.347902414,-0.257978899,-1.992741638,-1.23923049188576,-0.413570632,2.286531851,-0.304158101,1.004356424
6/1/06,1.155118364,-0.771825582,0.505517135,-0.076003044,1.113746751,1.92734186991807,-0.096753884,2.03340953,0.500277231,0.167893568
7/1/06,2.444665665,-0.509670818,0.078415122,2.099617501,2.367899963,1.75788030466291,-0.57008667,2.578642155,2.503444218,2.031424841
8/1/06,1.90338546,-0.788988577,-0.004517411,1.259860536,0.89016815,0.525304538405254,-0.571231241,1.863574197,1.647683198,0.672783124
9/1/06,0.996675871,-0.374311989,0.142109457,1.905387219,0.352217358,1.3304448668333,-0.850726139,0.743039999,1.101317918,-0.195101035
10/1/06,0.90072972,-0.641462892,-0.359392934,0.007408957,0.993895984,1.42740302680718,-0.850726139,0.555937126,0.578765484,-0.470817939
11/1/06,0.337583538,-0.258299213,-0.017401523,-0.11580164,0.247632713,0.937290738293165,-0.850726139,0.825565292,0.111576597,-1.016508975
12/1/06,0.504279484,-0.573424545,0.354279004,0.782616111,-0.208234956,0.10567747146646,-0.713550469,0.027571207,-0.241293765,-1.402539424
1/1/07,-0.448474198,-0.700937436,-0.212827136,0.620372396,0.603368002,-0.705938587884288,-0.726364864,1.056768744,-0.304510565,-1.28191922
2/1/07,-1.303848853,-0.740524492,-1.225062268,-0.563173439,-0.394070382,-0.34417523179652,-0.596263331,0.360633165,-1.008251181,-1.040712742
3/1/07,0.802010113,-1.558577077,-1.17163094,-0.365103629,0.318813982,0.820205061837324,-0.73129459,0.11051927,0.402333713,0.38471699
4/1/07,0.334388118,-1.727522051,-1.873784016,0.354177086,-0.212508957,2.02153371142815,-0.581693503,2.409374199,1.034917831,1.357572832
5/1/07,1.221435555,-2.676690245,-2.075445747,-0.516510336,0.623874861,-0.210483378026602,-0.450172303,2.245450728,1.191993861,1.197139605
6/1/07,0.590804989,-1.941373923,-2.266587192,-1.094445878,-0.954034026,0.531721753276029,-0.404702333,2.251693762,0.376769715,1.023290349
7/1/07,1.450217451,-1.891771487,-2.016080728,0.452219664,2.561535862,2.37855700915014,-0.315036178,2.373303595,1.927520178,1.261159373
8/1/07,1.93817733,-0.921017181,-0.872303097,1.472701111,1.387276333,0.0739664971358273,-0.581238194,2.406398518,1.898167503,0.865704147
9/1/07,0.673903042,-1.745437608,-1.299950845,0.797572608,0.369332977,-0.823495502739467,-0.581238194,1.993326159,0.771873688,0.067576284
10/1/07,1.795376804,-1.970757561,-1.823173354,2.176932207,1.167225365,2.34221177981332,3.316286586,2.227841638,1.891540573,0.409509339
11/1/07,0.554787917,-1.302855073,-1.505386629,0.428950827,-0.033205494,-0.521413845569795,-0.28306857,1.060179311,0.147825271,-1.010074104
12/1/07,0.587686557,-1.194743089,-1.218694072,2.577630502,0.427729789,1.53274563479049,3.141903528,0.110469655,0.772841989,-1.349612343
1/1/08,-0.201389878,-1.176009251,-1.174180071,-0.500486768,0.686623475,-0.520880895973763,2.591303746,-0.867925213,-0.550414519,-1.220486373
2/1/08,-1.035180988,-1.533647557,-1.210401945,-0.602606235,0.174117298,-0.921121530694174,3.018929145,-1.12847491,-1.174340632,-1.449968295
3/1/08,-1.188592832,-0.867579623,-0.823805839,-1.474609016,-2.480174053,-1.03075161983646,0.797536422,-0.502848181,-1.376360659,-0.011005385
4/1/08,0.228419976,-1.561357682,-0.840822665,-1.82690429,-1.297336262,0.629333304774049,0.886755196,-0.764046412,0.251859291,2.297850849
5/1/08,2.857364428,-1.589982992,-1.412874188,2.528859658,2.560288799,1.05130499587224,-0.030711888,-0.193797138,2.945414977,2.394176759
6/1/08,1.865333434,-1.53432284,-1.805143516,1.725482873,2.136755176,-0.779355110403005,-0.82068966,-1.124504954,1.774526696,1.405258534
7/1/08,2.004293216,-1.573303736,-1.733202117,0.729501553,2.261216111,1.84548033663627,-0.821595993,-0.897005323,1.771249944,1.703460946
8/1/08,1.420265979,-0.879149238,-1.761227407,1.520901894,1.651975713,1.69039838854489,-0.822443218,-0.907524621,1.39495934,0.540456989
9/1/08,1.023908645,2.121482713,1.222127049,0.041988768,1.683156412,-0.855944194893781,-0.822443218,-0.865158146,0.832557509,-0.013607805
10/1/08,0.700388363,2.672651121,2.945874169,0.45854774,1.068403879,0.0424157386266126,-0.784180713,-0.655739315,0.617799665,-0.593411201
11/1/08,-0.77855916,2.360526741,2.131931036,-0.033786945,-0.002029928,-1.44794205014893,-0.783844503,1.248346302,-0.506672601,-0.944379279
12/1/08,-0.87725047,1.830713214,2.182491519,0.064582812,-0.750271454,0.424588193692959,-0.691098059,2.622688947,-0.735086437,-0.948234236
1/1/09,-1.85434731,1.506238755,1.240088762,-1.296643843,-0.679298671,-0.940499608883482,-0.37800816,1.846779009,-1.329795169,-1.078539659
2/1/09,-1.651563423,1.407235507,0.887438935,-0.971631233,-0.765863768,-1.28249677081951,0.16559969,-0.077467381,-1.330646546,-1.083582431
3/1/09,-1.050533964,1.023055648,0.553769385,-1.301636643,-0.302942724,-0.759783740855454,0.973251245,-0.881011165,-0.822868569,0.033181669
4/1/09,-0.831760107,0.506974868,0.253220087,-1.120093404,-0.294480526,-0.451404623523781,0.514863581,-1.045438856,-0.332166891,0.952486641
5/1/09,-0.76479771,-0.28959612,-0.423889237,-0.741634595,-1.504753485,-0.978995796266204,-0.203586248,-0.997924944,-0.340607152,1.305949625
6/1/09,-0.054790371,-0.499025983,-0.810863439,-0.764122876,-0.881526539,0.247120382722865,0.673467601,-1.19370887,0.564969778,2.099878793
7/1/09,0.009167979,-1.069181023,-1.063859416,0.781131358,-0.378802952,-0.12068542238502,-0.792815217,-1.024925142,0.478751659,0.660868691
8/1/09,0.092988213,-1.294641931,-1.623554727,1.150170539,-0.587179348,0.209337400242604,-0.784400872,-0.515810566,0.446380529,0.416841375
9/1/09,0.312931337,-1.678297044,-1.538810376,-0.112981081,0.217748826,0.325793951805048,0.034029187,0.175785692,0.116824891,-0.271145809
10/1/09,0.779935627,-1.404691527,-1.542407999,1.013226239,0.058289939,1.39426978022876,-0.897627051,0.249201243,0.232472829,-0.943441413
11/1/09,-0.058143699,-1.197380694,-1.274036332,0.641919952,-0.753117435,-0.802778489444041,-0.894710782,0.921922984,-0.773741781,-1.206278202
12/1/09,1.044152161,-1.056032255,-1.084048705,0.459267775,-0.030201308,2.71643564549519,-0.896598627,1.631498374,-0.435081294,-1.129698502
1/1/10,-1.096930712,-0.291861768,-0.978902788,0.588032416,-0.835339792,0.132834084897114,2.598103058,1.000040746,-1.212979788,-1.150500529
2/1/10,-0.814231812,-0.585762403,-0.584338567,0.948162408,0.331460122,0.648274037791848,1.741559266,0.085443002,-0.702414578,-0.865894103
3/1/10,1.832802774,-0.671607887,-0.954004128,1.686779596,1.767856965,-0.68046936602801,2.659690903,-0.644498562,1.371480044,0.276103121
4/1/10,1.162974182,-1.103261966,-1.27539711,0.871250953,1.754890738,0.833330972142729,1.652913772,-0.994117309,1.501469443,1.038373677
5/1/10,2.220073413,0.101906263,-1.071480187,1.893691819,2.932685621,-1.2465792522663,-0.229797687,-1.204721406,2.17184139,1.31086922
6/1/10,1.514829878,0.054340989,-1.375918352,-0.188140412,2.257122366,1.31528283829119,-0.754848718,-1.391322367,1.282609871,0.821535752
7/1/10,1.480112374,-0.768435479,-1.368107541,-1.548120578,2.28469303,-0.299438539209676,-0.756265426,-0.69945023,1.321442851,0.826773623
8/1/10,1.731078798,-0.62558775,-1.050464492,0.66249624,2.316953906,0.670497189701859,-0.741633417,1.51103106,1.708457713,0.364210097
9/1/10,1.307134797,-1.480613809,-1.53942941,0.378083943,1.590483112,-0.0971121656944493,-0.725705911,2.37007582,1.285927907,-0.111795058
10/1/10,0.916002651,-1.375306397,-1.439471146,-1.51016158,1.41586027,0.497567051485833,-0.725705911,1.583103636,0.761182565,-0.696844002
11/1/10,0.566449407,-1.041322508,-0.963317456,0.490788808,0.538584229,0.717520076331521,0.035886955,1.750235281,0.207695196,-1.133784805
12/1/10,1.519438255,-1.641794697,-1.637891492,2.792344234,1.189238361,0.308026887717547,0.611344894,1.629895461,1.302545304,-1.137672896
1/1/11,-0.908628436,-1.372409131,-1.567586535,-0.331241275,0.002080828,0.197427999845751,2.679311907,0.331334461,-0.803165832,-1.213769143
2/1/11,-0.483044051,-1.327441611,-0.828818095,0.528436088,0.094748315,-1.06284517939056,2.186762065,0.635307269,-0.609660632,-1.16504411
3/1/11,0.921863702,-1.554527243,-0.643811758,-0.428423842,0.160586808,0.233158787196806,2.597433174,-0.675514891,0.748210278,0.649346419
4/1/11,1.302973815,-1.926501735,-1.968855967,0.279367431,0.451610423,1.90311322288801,0.8354758,-1.14839196,1.936283663,1.844677307
5/1/11,2.220447349,-1.578035595,-1.023871394,1.917409919,1.342066398,-1.53455215014368,0.214125114,-1.263171634,2.390276399,1.826201649
6/1/11,1.565175852,-1.597126655,-1.459169964,0.408138066,0.924628694,0.244392784857986,-0.338891665,-1.315249625,1.311433956,1.277364648
7/1/11,1.187179011,-1.517710609,-1.556402885,0.664217031,1.334050221,1.44477558446488,-0.90629751,-0.850689666,0.961053456,0.794713194
8/1/11,2.046285756,-0.773807481,-0.317533115,1.092461079,2.270206084,0.582883713260353,-0.905568936,1.358777294,1.778891442,0.768780059
9/1/11,0.920209162,2.633549897,2.395137262,-0.554077737,1.289729317,-0.860961293964675,-0.905568936,1.477343653,0.876350825,0.246065651
10/1/11,0.450330217,0.76292603,1.918875124,-0.107285433,0.710930365,1.86920637031518,-0.905568936,1.048096896,0.539948183,-0.55658298
11/1/11,0.218355707,1.543942537,1.572764336,-0.570828969,0.371094369,-0.296799704786922,-0.870892635,0.120089334,-0.040494395,-0.502416085
12/1/11,0.29822179,1.688088,1.688694975,1.489664548,0.346704321,0.674343610693229,-0.811645902,-0.030581783,0.169506084,-0.81144479
1/1/12,-1.929322241,0.574246768,0.570775776,-0.602286965,-2.39307505,-0.336430982699378,0.067750223,0.023445304,-1.959262173,-1.192991428
2/1/12,-1.32443623,0.278801363,0.046228847,-0.356730108,-1.641761345,-0.105507046766155,0.744073118,-0.729943569,-1.678418373,-1.020547914
3/1/12,-0.287122434,1.035674967,1.194760532,0.493338606,-0.812015764,-0.993638821987617,1.703588972,-0.704686884,-0.128586867,0.775327655
4/1/12,-0.768678337,1.411434632,1.594527189,0.686998271,-0.990452462,-0.379315048876257,1.16165884,-0.966284943,-0.160058275,1.088168066
5/1/12,0.685958791,1.81984312,2.184285287,-0.330105001,-0.645703813,-1.13436210809367,0.231245595,-0.905305239,0.97100879,2.418000535
6/1/12,-0.75710149,1.457415212,1.981197967,-1.843387956,-0.566716916,-0.70478406520536,-0.255739133,-0.989380362,-0.506130508,1.015609546
7/1/12,-0.071222349,1.567336995,1.48500694,-0.993937701,-0.355604148,0.832608549211115,-0.567145933,1.08424805,-0.076571827,0.6129563
8/1/12,0.732570398,1.237641022,1.470930598,1.310548008,-0.330310145,-0.844271751909384,-0.666299096,2.180665388,0.599455299,-0.195143137
9/1/12,-0.270932289,1.046045824,1.360428209,-0.68589684,-0.699852816,-0.030825924555931,-0.432695119,2.142385038,-0.250314278,-0.577902425
10/1/12,0.433583318,0.924657268,1.089104161,-1.816914424,-0.195682632,2.31317664564963,-0.86155756,2.020416816,-0.321934264,-0.993866608
11/1/12,-0.254477132,1.485053246,1.044472378,-0.26995047,-0.040498738,1.00032945004067,-0.657327443,1.75853769,-0.534192304,-1.268824707
12/1/12,-0.171910747,0.633491037,0.979919683,1.311395125,0.797313981,0.360287908116122,1.06138272,0.839530594,-0.136897212,-1.233689598
1/1/13,-2.283704784,0.079228825,0.289339664,-1.940226295,-1.727259843,-0.615325211796908,1.636168371,1.083601061,-2.141887291,-1.234196183
2/1/13,-1.979044901,-0.366847145,-0.704017962,-0.858061603,-2.216573728,0.263239497473077,1.128114908,0.253888553,-1.675948367,-0.761960026
3/1/13,-0.557686782,0.018857575,-1.348506722,-0.326381151,-0.416203771,-1.62104744472299,0.195831203,-0.297174826,-0.291117009,0.455057746
4/1/13,0.401241689,-0.712577539,-1.528244494,-1.184378636,-0.238493603,1.85294680916605,-0.205135757,-1.20419686,0.82665571,1.735373445
5/1/13,1.03724864,2.050679233,-0.872820164,-0.349302106,1.479580484,-1.47179327106187,-1.054133877,-1.508319085,1.639712834,1.916047249
6/1/13,-0.110684309,2.45353881,1.809856558,-0.930732729,0.002203825,0.500636564966241,-0.967879481,-1.559304283,0.430714989,1.272042328
7/1/13,0.417759155,2.147373933,2.232933178,-0.868030259,0.411542967,1.05538121597665,-0.925040682,-1.111733606,0.479273599,0.931797667
8/1/13,0.931804981,2.235879157,2.399930296,-0.0336351,0.349364052,0.0821554406111319,-0.889928322,0.357051593,0.963856066,0.720929848
9/1/13,0.639027265,0.758722572,1.364853422,0.903206753,0.892412938,-0.29481956384304,-0.824980644,0.565975359,0.785477063,-0.012946414
10/1/13,0.617472436,0.797626694,0.577691938,-0.29664027,2.071076606,1.08924626192461,-0.804910261,0.736135965,0.138529238,-0.723236087
11/1/13,-0.246762554,1.30739678,1.079403915,0.92684435,1.130414779,0.314690270986035,-0.753363399,0.784303127,-0.239344481,-1.063219274
12/1/13,0.083010122,1.229628619,1.119390487,1.780200178,1.51254023,2.21355765662776,-0.578591909,0.288596045,-0.445056424,-1.275848456
1/1/14,-1.897703904,1.350343904,0.906202465,-0.062598153,-0.791238888,-1.176597939315,-0.385546254,0.304754849,-1.913038434,-1.282294257
2/1/14,-1.926454235,0.744751324,0.612509157,-0.895871401,-1.808083464,0.293758189727826,-0.446975472,-0.867071998,-1.734903275,-0.414776709
3/1/14,-0.972990718,0.037319134,-0.153597985,-0.316591722,-1.079907521,-0.889799817530621,-0.213709727,-1.031395617,-0.190532671,0.734446469
4/1/14,0.173385002,-0.704104894,-1.369696671,-0.127771024,-1.748460883,-0.376177990959982,0.022866612,-0.997174919,0.84283532,1.359633953
5/1/14,0.773584318,-0.835207327,-1.844482315,0.842307422,-0.173793801,0.703392132180979,0.104604541,-1.284604276,1.45686047,1.220986896
6/1/14,0.579037763,-1.194535208,-1.566024564,0.6559305,-0.888592891,-0.121874521902515,-0.575582994,-1.28094707,0.956756496,1.004470895
7/1/14,1.315119654,-0.437721553,-1.216374361,2.642866067,-1.069692643,-0.201925647804849,-0.500785902,-0.92242408,1.312221601,0.710877642
8/1/14,0.012117331,-0.712164954,-0.749173047,0.195306514,-1.471027405,0.469798045408324,-0.777232885,0.295582777,0.11515414,0.066853564
9/1/14,0.15678222,1.974677232,-0.405676221,-0.114776682,-0.607308815,0.311080309251795,-0.777232885,0.473747501,-0.142290588,-0.441102711
10/1/14,-0.405853095,1.834969165,0.527094308,-0.23742106,-1.244624943,-0.144983142201451,-0.777232885,0.870847754,-0.86633511,-1.058884727
11/1/14,-1.555882356,2.060378005,1.128942633,-0.031747025,-1.715935427,-0.678990705880209,3.194221022,0.900100101,-1.456105988,-1.211190655
12/1/14,-0.561547716,2.086997901,1.553975357,0.195260822,-0.585031734,1.10787552305766,3.172023009,1.315430609,-0.911055546,-1.223295635
1/1/15,-2.044391516,1.7855289,0.70666707,-0.426562812,-2.359957397,2.26713496030049,2.772115602,1.177688218,-1.748860697,-1.250940274
2/1/15,-2.082055238,1.98490447,1.930849857,-1.557993297,-1.687983867,-0.880811389093741,1.862174366,-0.515791161,-1.842740066,-0.953890989
3/1/15,-0.384737809,2.384813455,2.47618459,-1.112589699,-1.178015563,-0.596836090294524,0.020088464,-0.843805693,-0.559509402,0.282933731
4/1/15,-0.854507794,1.437757836,1.541596579,-0.583515296,-1.40247941,-0.167864611200809,0.171818694,-1.210092321,-0.441154994,0.640965585
5/1/15,-0.185480443,1.590079941,1.34297884,-0.391395489,-1.628219143,-0.36737064564476,-0.482433943,-1.296386985,0.19497542,1.46611346
6/1/15,0.661149991,1.161892147,1.259049376,0.260324674,-0.849225809,1.4815052296612,-0.816835497,-1.230937041,0.814258897,1.537836359
7/1/15,0.730105466,1.729097099,1.480306957,-0.793035699,-0.376316594,0.903289593088829,-0.77994256,-0.457175092,0.791085852,1.138255334
8/1/15,-0.50123584,1.877928205,2.095806125,-0.14409739,-1.174924776,-0.636930463550122,-0.821599329,0.314488277,-0.28231476,0.268454773
9/1/15,-0.306053104,2.073114338,2.474699017,-1.364788013,-0.277526967,-1.15711011735575,-0.821599329,1.08718069,-0.288165464,-0.15182305
10/1/15,-0.051882507,1.545530994,1.793120578,-0.725696697,-0.697344024,0.061500041045722,-0.821599329,2.008707646,-0.136408426,-0.522098032
11/1/15,-1.089588721,1.334586498,1.105849585,-1.42201776,-1.189622903,-1.58474646556158,-0.760018263,1.384917421,-1.174831818,-0.904680649
12/1/15,0.06930178,1.323518954,0.94763866,-0.479862774,0.672656989,0.319463418944182,0.640460895,1.781411809,-0.614085027,-1.142848107
1/1/16,-1.982962399,1.228995398,0.861145226,-0.645346292,-2.225888714,1.01009613452831,0.117157046,0.859151596,-1.706634207,-1.266654648
2/1/16,-1.137209755,1.113861057,0.498162271,-1.793805794,-1.645856222,-0.44567080085405,0.567747245,1.101943059,-1.403005611,-0.865023055
3/1/16,0.230932708,-0.109893907,-0.404301442,-1.509794468,-1.079841269,-0.294085678848786,1.409969028,-0.439595695,0.150553937,0.84359191
4/1/16,-0.148730884,-0.747315077,-0.817129472,-0.66526679,-0.209644925,-1.14317933642936,-0.008035153,-1.227365718,0.391925044,1.186983904
5/1/16,0.598544244,-0.335218361,-1.097797215,-1.100270234,1.228846653,-0.695090931098383,-0.508566005,-1.373970613,0.824717457,1.239302755
6/1/16,0.774470992,-1.95522473,-1.583522331,0.92842436,0.215063523,0.218022222337425,-0.779134859,-1.363089102,0.663049401,0.869125015
7/1/16,0.133259714,-1.628869117,-1.901340176,0.690131369,-0.019741659,-1.53976442149276,-0.767527533,-0.852747338,0.162318251,0.513491208
8/1/16,1.102157514,-1.439910958,-1.636918719,1.662128303,1.022229229,0.584811912026511,-0.767527533,-0.182974063,0.362263046,-0.1416251
9/1/16,0.367038835,-1.115523916,-1.319229978,1.514658559,1.571880841,1.57877003175609,-0.767527533,0.00083005,-0.236816731,-0.864008831
10/1/16,-0.783358832,-1.120075381,-1.398674193,1.363168583,0.295472887,-0.22538099210851,-0.767527533,-0.692266746,-0.943428825,-0.951449666
11/1/16,-0.452074713,-0.410882997,-0.940063382,1.318624234,0.682299872,-0.15975716404241,-0.767455809,-0.658501889,-1.017655139,-1.113215206
12/1/16,0.494803313,-0.716594577,-0.92867446,-0.632685022,2.133134358,2.48765938601097,-0.679355468,-0.487309763,-0.626282525,-1.005221252
1/1/17,-0.39312462,-0.969735054,-1.308845083,2.432826576,1.40546757,0.9291315431945,1.39518024,-0.084517499,0.02061239,-0.963431906
2/1/17,-0.194378809,-1.248710977,-1.44600879,2.283283733,0.784414781,-0.0754893732146134,1.496994167,-0.734965907,0.499589696,-0.219530061
3/1/17,2.639890862,-1.04342145,-1.211289822,0.464086614,2.556791764,0.137186127857929,1.055212099,-0.86428396,2.381593567,1.336588011
4/1/17,0.938962676,-0.528144919,-0.903855014,-0.346511517,0.5272816,-0.17558007365759,-0.205218329,-0.939546761,1.339606817,1.560564005
5/1/17,1.833384991,0.184571915,-0.270549241,-0.281924027,0.531119906,1.17426824169021,-0.34299055,-0.814606165,1.61273868,1.553788263
6/1/17,1.445508297,1.139782682,1.067005894,1.696211348,-0.35889143,-0.076864493911972,-0.642796662,-0.636783159,1.317922031,1.021871969
7/1/17,0.45715938,-1.071151796,0.536424826,0.57649476,-1.016544252,-0.0291648412827213,-0.642796662,1.080792414,0.455053724,0.460509864
8/1/17,1.098927526,-0.69064887,0.537085516,-0.004326298,-0.553011006,1.38184838150089,-0.642796662,2.667180845,0.740000598,0.222895082
9/1/17,0.624483004,-0.430803438,0.673972756,-0.339224696,0.267347469,1.73182996658685,-0.642796662,2.288552854,0.372605228,-0.26350396
10/1/17,0.56902642,0.831684169,0.747176019,-0.343756201,1.207455364,0.384419165448015,-0.642085596,1.461484342,0.198061818,-0.783742147
11/1/17,-0.691169537,1.155521005,1.405237309,-1.143157196,-0.335337844,-0.297859356988831,-0.642891561,0.608395645,-1.059732098,-0.959387525
12/1/17,-0.271693237,1.555635333,1.537611004,-0.578203739,-0.240822975,2.0673446992329,-0.122053951,0.745672976,-1.09062579,-0.971596691
1/1/18,-0.947682418,-0.206888706,0.880011726,1.699988808,-0.212470018,-0.747422403938076,0.779545678,0.216769135,-0.960736106,-1.264353066
2/1/18,-1.789486292,0.539956506,1.488292014,0.448971496,-1.049716516,0.234841869493783,-0.115767435,-0.666453197,-1.560226562,-0.828616622
3/1/18,1.548103987,1.237120754,1.569753299,0.816722929,0.76241356,-0.548680719869841,1.197012289,-1.00393808,1.458736226,1.045353955
4/1/18,0.968752392,2.580078014,2.436995675,1.084636581,-0.118239665,-0.1532503736151,-0.687098128,-1.276359876,1.354049298,1.551211424
5/1/18,0.719647538,2.64752158,2.403271105,0.402501848,0.651158833,0.830380628742579,-0.599756901,-1.280755372,1.904566926,1.974589113
6/1/18,1.094058386,2.339464498,1.939688616,-0.619499601,0.540950918,-0.654983579156117,-0.616090706,-1.186941199,0.727858426,1.288571833
7/1/18,1.579750718,1.480953627,1.700998058,2.868553535,1.240289579,1.86971075922306,-0.616090706,-0.578884936,2.190196106,1.062740005
8/1/18,0.889076807,2.002353721,1.668690417,0.495522677,0.198135742,0.484208973222982,-0.616090706,0.441750283,0.831115127,0.450392207
9/1/18,0.207607967,1.601683024,1.698608406,1.197622889,0.833151771,-1.65425069918401,-0.616090706,0.969665467,0.424032032,-0.448256718
10/1/18,1.512888563,0.452684375,-0.07269511,1.620893166,2.297810231,0.221176522110582,-0.615856125,0.924823683,1.006309634,-0.373350487
11/1/18,0.014628836,0.777913969,-0.111444301,0.052543564,1.020845703,-1.05253344216223,-0.615856125,1.272822122,0.124256839,-0.563141629
12/1/18,-0.042542819,0.67131223,0.303610754,-0.425934768,0.739065963,1.65609843800112,1.504281412,1.227875317,-0.133124834,-0.866571414
1/1/19,-1.691713408,-0.292974227,-0.576160787,-0.149079359,0.065803211,0.273423279751851,3.237329661,1.196632571,-1.288941667,-1.490896193
2/1/19,-2.277428421,-0.024576629,-0.86514485,-0.946180764,-1.225204088,-1.53951771563118,0.554477602,-0.27996932,-1.648820921,-0.751992012
3/1/19,-1.041642376,0.704394475,-0.475075237,-0.431946006,-1.698959986,-1.20376751113684,0.831204306,-0.803296214,-0.350288591,0.17494582
4/1/19,0.051105713,0.594661676,-0.167228451,1.125432577,-2.328667537,-0.400527044670821,-0.534522949,-1.175973767,0.234140706,0.470920064
5/1/19,0.811596367,0.495817932,0.360437494,-0.115470444,1.023382432,-0.560942451783492,-0.539679455,-0.859733822,0.677267789,0.779303698
6/1/19,-0.393378193,-0.100117623,-0.494365811,-1.122179606,1.268425236,0.597833229010542,-0.541834581,-0.843848348,-0.4015406,0.42812989
7/1/19,0.636034727,-0.446379666,-0.612777628,-1.058937661,2.207415479,0.24289954042738,-0.526434322,2.110461972,0.993247715,0.294166286
8/1/19,0.451352092,2.08098551,0.70855755,-0.374692494,2.077100817,-0.0497864424184101,-0.54368857,2.104838935,0.384429791,-0.633606501
9/1/19,-0.117108168,1.886105598,2.076996742,0.078161433,0.361255287,-0.804595173724894,-0.54368857,1.336838499,0.385306712,-0.774827504
10/1/19,0.625345051,0.786870098,1.482070293,0.186076298,0.450229376,1.35817476200168,-0.54368857,0.997060737,1.108033991,-0.49708973
11/1/19,-0.637118553,1.794638608,1.675941731,-1.269626773,-0.219608343,-1.05732387045614,-0.54368857,0.237214804,-0.871326524,-0.508167365
12/1/19,0.026349594,0.471570572,0.879582172,2.233068426,-0.853177138,-0.196242638245769,-0.148432442,0.269134309,-0.78387887,-1.207622463
1/1/20,-2.238746969,1.710978186,1.208235862,-0.527955953,-0.32969749,-1.0596536358129,1.708669297,-0.551488971,-0.943876633,-1.928625363
2/1/20,-1.648246746,2.149939334,2.305742524,0.48877335,-0.879105091,0.873612067118753,1.441722677,-1.171944522,-1.194293322,-0.513023373
3/1/20,0.004262175,2.854177075,2.944663935,-0.102229709,-1.123478551,-2.15225220627668,0.998271888,-1.091244035,-1.070399578,1.655226998
4/1/20,-0.343179944,2.354129715,2.613231799,-0.328990265,-0.74221797,0.824107192295494,-0.123953553,-1.265375177,-0.909012579,2.243800779