date,corn_kg,soybeans_kg,sugar_kg,iron_kg,oil_kg,coffee_kg,total_primary_exports,soybean_price,oil_price,iron_price,wheat_price,corn_price,coffee_price,sugar_price
1/1/00,404746,33611620,499632140,13755974125,1E-16,69207137,14358829768,180.38,25.41,12.45,93.62,92.95,94.51657143,5.6295
2/1/00,478832,59205827,759468391,9738062434,61,80074447,10637289992,185.76,27.37,12.45,98.17,95.08,87.52514286,5.351
3/1/00,657783,563365340,218161379,14008528824,1E-16,69866500,14860579826,190.97,27.49,12.45,96.4,95.17,84.3333913,5.1112
4/1/00,512171,1605231947,80794400,11587363626,1E-16,67411695,13341313839,197.1,23.77,12.45,94.43,95.54,79.6233,6.011
5/1/00,58485,1769814548,78188650,15614951206,1E-16,86050226,17549063115,200.87,27.42,12.45,99.11,95.53,77.17691304,6.780869565
6/1/00,222637,1791613782,393038940,13317542276,58947244,75073561,15636438440,186.95,29.83,12.45,103.37,84.04,73.67172727,8.334545455
7/1/00,1084235,1851291357,828561028,13156508672,313897574,57864821,16209207687,169.5,28.34,12.45,97.13,75.06,73.73561905,9.64047619
8/1/00,1474935,2010500747,766372360,14569365304,1E-16,96140996,17443854342,167.87,30.01,12.45,96.65,75.24,67.00013043,10.59782609
9/1/00,416809,791795386,492011930,12926123555,25000,87839202,14298211882,180.45,32.44,12.45,103.44,80.15,64.72580952,9.8575
10/1/00,511816,597951630,915567974,14830481468,1E-16,103610296,16448123184,173.61,31.65,12.45,107.78,84.71,64.623,10.41318182
11/1/00,45096,328678928,809474796,11857520107,218217489,97514349,13311450765,177.19,32.61,12.45,105.04,88.94,59.87154545,9.5135
12/1/00,821781,114011469,654659105,11530485998,373764273,76781612,12750524238,185.96,25.32,12.45,113.74,96.22,55.3207619,9.7175
1/1/01,55807542,295766257,1056563290,16422155327,429646948,69659414,18329598778,175.42,25.96,12.99,109.48,94.3,55.70304348,10.05952381
2/1/01,160739962,92302365,343024274,10154487387,657584561,77473991,11485612540,167.45,27.43,12.99,103.32,92.38,56.5403,9.3625
3/1/01,275223882,902753591,524605256,14599685580,55916632,87462932,16445647873,164.38,25.28,12.99,105.57,91.01,55.86168182,8.716818182
4/1/01,327463533,1992261225,345472037,11118108599,666379616,95909183,14545594193,158.61,25.91,12.99,106.15,87.55,54.77247619,8.052105263
5/1/01,712500524,2541335701,368353585,14317170779,659620409,90128845,18689109843,163.87,27.49,12.99,110.77,85.08,57.594,8.959545455
6/1/01,704379985,2652623567,747365430,11919311414,628561499,98447361,16750689256,170.23,27.11,12.99,109.43,83.16,53.43519048,8.742857143
7/1/01,480385574,1952556305,1099797108,15363976165,548503231,94476525,19539694908,186.65,24.94,12.99,108.34,90.75,49.51331818,8.536190476
8/1/01,340580043,2495838931,1379842722,13089065497,348680988,146629567,17800637748,182.75,25.92,12.99,104.22,92.88,49.31782609,7.904347826
9/1/01,685095442,1502652200,1449077554,11590742662,186168773,118518613,15532255244,172.35,25.43,12.99,103.18,89.74,48.1288,7.160666667
10/1/01,579761253,827863306,1499290863,14378905827,349867189,137382437,17773070875,160.63,21.06,12.99,104.83,86.27,46.42830435,6.596086957
11/1/01,713260249,193036187,1526110088,11774221862,249202969,141978991,14597810346,162.56,18.73,12.99,106.8,89.88,48.29631818,7.278
12/1/01,593779642,226552401,819560200,11010233944,941342943,97672930,13689142060,160.15,18.61,12.99,104.37,92.31,46.90366667,7.41
1/1/02,344577751,142134115,791714482,12401093962,491644270,95601384,14266765964,160.06,19.33,12.68,106.19,91.97,47.61665217,7.313809524
2/1/02,504035748,81840295,666108614,10774785141,487028311,96208546,12610006655,160.2,20.16,12.68,103.84,90.73,48.69115,5.683157895
3/1/02,340026283,651195810,334906795,12367971427,1070696482,94457189,14859253986,168.69,23.83,12.68,102.55,89.86,53.51919048,5.9245
4/1/02,145973593,1707065733,293037186,14417822884,902069183,114815019,17580783598,171.36,25.51,12.68,104.8,87.11,54.54309091,5.178181818
5/1/02,136879151,1263756279,566489270,10517929013,978445190,93627165,13557126068,176.64,25.72,12.68,104.1,90.33,51.5233913,5.611818182
6/1/02,46555092,1256748132,1234953175,3981355530,351824265,66550422,6937986616,185.37,24.57,12.68,115.41,93.17,49.51485,5.246
7/1/02,12949380,2594472791,1505056199,22754489478,2261704444,152698492,29281370784,209.09,25.76,12.68,132.64,99.7,48.11404348,5.794761905
8/1/02,44798500,1701208270,1489513460,20146610381,1134163388,170905980,24687199979,208.22,26.74,12.68,149.61,109.89,46.41845455,5.856818182
9/1/02,394399997,3848423352,2267278774,18190594054,1030198516,182113793,25913008486,208.22,28.32,12.68,173.34,113.94,52.06904762,6.4095
10/1/02,344995479,1684333491,1773296951,14511446132,1426974622,175622471,19916669146,200.09,27.45,12.68,180.04,109.65,55.99078261,7.02
11/1/02,346223264,470706661,1210993792,13714024277,733947371,171596111,16647491476,210.22,24.65,12.68,164.28,108.65,60.27952381,7.296842105
12/1/02,85576096,558117090,1219640778,12749376333,1266567521,141863373,16021141191,208.24,27.96,12.68,149.2,107.01,55.97031818,7.508
1/1/03,106579806,245773889,1133143268,16034142275,766406906,119171006,18405217150,208.67,30.53,13.82,140.48,105.84,58.0846087,7.89047619
2/1/03,49369130,189292987,598345023,14533708012,1564281395,142197109,17077193656,209.61,32.93,13.82,141.66,106.14,58.6859,8.348333333
3/1/03,218938804,1290963377,249870397,14713814993,1199853732,102590448,17776031751,210.22,30.3,13.82,129.25,105.13,54.37609524,7.843333333
4/1/03,180237983,2891576437,211010373,16030445694,642291471,107357046,20062919004,221.71,25.65,13.82,126.05,105.34,56.51290909,7.261904762
5/1/03,376001470,3278170259,733868695,15793777123,838738531,108077089,21128633167,232.41,26.09,13.82,131.05,107.91,57.59222727,7.013809524
6/1/03,258187318,2507261576,1171937135,12093966441,872643063,92513182,16996508715,229.77,27.99,13.82,118.16,107.03,52.94880952,6.404761905
7/1/03,249695864,1841400423,1051566631,12550164800,952367706,91410130,16736605554,214.03,28.66,13.82,115.78,97.67,54.67,6.732272727
8/1/03,337451710,2475310027,1958783773,11277423428,685865672,98831123,16833665733,208.22,29.73,13.82,133.48,100.35,55.601,6.709047619
9/1/03,627992128,2178802743,1489039595,18305870505,1242863809,139672172,23984240952,231.7,26.93,13.82,130.65,103.24,57.67990909,6.271428571
10/1/03,476030293,2115086914,1545039681,20798586244,1266586642,135613530,26336943304,268.99,29.02,13.82,130.06,104.21,55.76373913,6.09826087
11/1/03,248146794,524312898,1089898411,13544806035,1013403631,123046705,16543614474,279.72,29.11,13.82,141.35,108.1,53.8268,6.191111111
12/1/03,437600529,335508804,1661031857,9169338135,1561661898,113279031,13278420254,283.19,29.97,13.82,145.07,111.99,56.20847826,6.343809524
1/1/04,590628344,342799418,898548985,21351993727,1310062910,95559503,24589592887,300.9,31.4,16.39,147.29,116.25,62.27318182,6.030526316
2/1/04,624165326,453477609,968186831,14418464527,1105559650,108082365,17677936308,316.55,31.45,16.39,141.73,122.93,64.48095,5.873157895
3/1/04,923256552,1580961200,1239996098,21632676051,1412849030,117542151,26907281082,360.68,33.58,16.39,142.55,128.46,65.65008696,6.496086957
4/1/04,405348858,2005544830,724610237,9175340597,383352661,94753984,12788951167,363.5,33.9,16.39,146.06,133.44,63.80009091,6.86047619
5/1/04,245828520,2667730435,823029097,11966408280,1187012919,104734285,16994743536,347.87,37.54,16.39,143.18,129.29,65.21585714,6.6225
6/1/04,618962796,3712593617,1590820523,16393408469,1363633687,106227331,23785646423,320.23,35.68,16.39,136.86,123.28,69.51227273,7.514285714
7/1/04,309972094,2314085166,1573667710,21648891535,1097481810,101206705,27045305020,289.79,37.99,16.39,132.39,104.49,63.26595455,8.165714286
8/1/04,410178868,2002973711,1620911307,22481829256,1490287121,132604405,28138784668,225.79,41.92,16.39,122.06,104.09,61.70118182,7.879090909
9/1/04,527483728,2291493611,1701191319,18211531104,276974815,126925006,23135599583,206.45,41.72,16.39,126.82,97.73,66.59909091,8.674285714
10/1/04,116543808,920481445,1575160957,17241884161,815669415,142061886,20811801672,193.43,47.04,16.39,123.06,93.42,65.8872381,8.963809524
11/1/04,145004913,485045852,1553858549,19290371612,728253076,146533567,22349067569,195.82,42.33,16.39,127.13,93.76,72.994,8.666
12/1/04,113624801,400230462,1460419998,17624761900,865132121,135991880,20600161162,198.59,39.13,16.39,123.55,95.61,84.15065217,8.795238095
1/1/05,248121981,351945415,1118118740,15184509886,1126020463,114107000,18142823485,195.66,43.16,28.11,122.78,96.04,86.10242857,8.922
2/1/05,376504941,413762800,1471796751,17560691672,830250145,117357698,20770364007,197.59,44.46,28.11,123.13,94.36,96.95415,9.323684211
3/1/05,400812718,1833265308,1339712471,17557605651,513325958,129507587,21774229693,233.18,51.13,28.11,129.96,100.01,109.1636957,8.895
4/1/05,9492011,2698128552,1081892423,19510789765,1032840789,116713472,24449857012,228.76,50.91,28.11,120.06,96.47,105.8970952,8.525714286
5/1/05,13775338,2297422127,1838515920,17078551013,1149784528,107275515,22485324441,233.46,48.09,28.11,119.15,95.36,106.7375909,8.511428571
6/1/05,3229524,2951573798,1851904856,18271416025,84371694,109094686,23271590583,254.74,54.08,28.11,122.47,97.62,102.8160909,9.033181818
7/1/05,501531,2690613994,1805049405,18600783758,3173935271,93208886,26364092845,253.35,56.44,28.11,130.16,105.66,94.31442857,9.5975
8/1/05,1232612,2752432407,1842262651,20603806861,1971451204,127703531,27298889266,230.43,61.92,28.11,131.56,99.29,91.33491304,9.875217391
9/1/05,2152062,2203801429,1656220572,18069058618,1542956864,98391942,23572581487,212.02,61.95,28.11,137.39,97.07,83.70572727,10.81047619
10/1/05,589626,1792146305,1377356598,18879562080,533101885,116332327,22699088821,211.17,58.29,28.11,143.07,101.55,87.8477619,11.61285714
11/1/05,283950,1359158578,1551544586,20763765220,1405393891,117138938,25197285163,210.9,55.05,28.11,136.35,95.98,90.85513636,11.808
12/1/05,14719624,952837150,1203730955,22081603935,950188970,109174133,25312254767,216.54,56.59,28.11,139.99,102.68,91.06527273,13.92714286
1/1/06,60538452,716147470,1016657733,17136921055,2377368600,100814389,21408447699,214.01,62.34,33.45,144.57,102.79,105.9556364,16.187
2/1/06,174554633,720499730,944562229,17415842842,680307217,108682505,20044449156,214.37,59.9,33.45,158.89,106.94,102.27845,18.05263158
3/1/06,121211546,2654096632,1414193376,23394978648,1048518498,107564639,28740563339,212.71,61.36,33.45,155.79,104.95,97.44230435,17.08217391
4/1/06,207887095,2915020907,758191448,15822450660,1182360139,97592415,20983502664,208.9,68.18,33.45,161.21,107.91,98.88805,17.46263158
5/1/06,296639554,3170606679,936960693,13117250978,1001681559,105940990,18629080453,217.36,68.92,33.45,176.6,110.62,94.78426087,16.90045455
6/1/06,346153752,2288992125,1818419192,20872630854,1111012115,101220050,26538428088,216.5,68.45,33.45,176.92,109.61,90.27368182,15.68909091
7/1/06,628777213,4376614144,2131676126,29780925685,2133813146,107672347,39159478661,217.25,72.47,33.45,181.35,114.31,92.8467619,15.857
8/1/06,595739178,2901473419,1771179410,22280138559,1713303968,147643642,29409478176,203.84,71.77,33.45,165.13,115.28,100.2878696,12.97956522
9/1/06,379068109,1993138783,1537757635,20549065387,2383870621,143528465,26986429000,199.31,62.09,33.45,164.94,120.27,100.0079524,12.3135
10/1/06,372518093,1681692005,2292759581,22942420007,1531828814,157459264,28978677764,217.89,57.99,33.45,182.43,142.26,99.993,11.50909091
11/1/06,450163479,998322963,1967634699,20898332317,1696305121,170197622,26180956201,244,58.45,33.45,182.3,164.11,108.6230909,11.732
12/1/06,304750241,471107199,2277964142,18315785540,2331172040,132535317,23833314479,243.31,60.9,33.45,179.53,160.72,112.938619,11.6965
1/1/07,462810455,528506937,1802859089,22102204307,2134343780,125312803,27156037371,255.87,53.71,36.63,172.57,165.16,111.048,10.9035
2/1/07,357003927,774834158,1137045978,19134819769,1655141086,121419599,23180264517,278.04,57.71,36.63,175.27,177.38,109.14505,10.57157895
3/1/07,301614043,2054187593,1161677885,21303470283,1690029261,129935082,26640914147,276.96,60.64,36.63,173.31,169.58,105.0565,10.36681818
4/1/07,592294404,3165241394,1216642684,20070776946,2030895386,117054834,27192905648,270.39,65.18,36.63,178.56,152.63,104.1393333,9.594
5/1/07,669318320,3152426426,1329471641,22499797667,1575604819,119514440,29346133313,283.21,65.24,36.63,178.01,160.14,104.5026522,9.086363636
6/1/07,802960340,3074275644,1701056005,18898483954,1325386038,111343257,25913505238,302.83,68.1,36.63,206.52,164.54,111.334381,9.26047619
7/1/07,1038985018,3093335404,1894336959,27266930595,1765847698,112271913,35171707587,313.48,73.43,36.63,222,147.22,110.0967727,9.895714286
8/1/07,1353122210,2673948181,2182779598,24992028138,2049606166,124948085,33376432378,309.01,70.35,36.63,240.69,151.03,112.4374783,9.613043478
9/1/07,1364940238,1816717965,1936975648,22789512526,1703018296,119800366,29730965039,347.56,76.62,36.63,297.95,160.13,117.4655,9.851052632
10/1/07,1813946599,2024834226,1950418151,25106766211,2130327807,148816716,33175109710,358.4,82.12,36.63,303.63,164.11,121.2960435,9.994782609
11/1/07,1274799082,788030352,1660611123,22341102397,1467550701,141775451,27673869106,389.02,91.32,36.63,286.5,171.11,119.5157727,9.896
12/1/07,901659614,519084965,1370683750,22942124617,2446049839,120705351,28300308136,423.08,89.85,36.63,339.23,180.28,124.2117143,10.44631579
1/1/08,392032591,599607207,1207227195,24520920568,1097528606,114185729,27931501896,461.72,90.77,60.8,336.12,206.56,127.5655217,11.65952381
2/1/08,329715065,425132139,1228406534,23155257304,1124205307,122190149,26384906498,508.22,93.38,60.8,393.87,220.05,144.7370952,13.6075
3/1/08,655084397,1403944693,909422825,14496817170,609906212,118245682,18193420979,495.69,101.68,60.8,403.81,233.93,140.9864762,12.8765
4/1/08,511532521,3346499944,951223588,17734886761,276189284,120553966,22940886064,482.79,108.74,60.8,326.85,246.64,131.8786818,12.52272727
5/1/08,694657120,4442112247,1464308544,35113043186,3013998103,100146097,44828265297,489.09,122.95,60.8,288.42,243.53,132.0807727,10.9347619
6/1/08,364273643,3544441524,1813269957,25591778512,2321920042,100640899,33736324577,552.47,131.63,60.8,314.16,287.13,135.7058095,12.0652381
7/1/08,377463610,3981781536,2046503470,27131551809,1776947151,105424553,35419672129,554.15,132.54,60.8,299.43,267.14,137.7191304,13.20772727
8/1/08,293280042,2358357215,1871482750,26304268183,2416222378,121747495,33365358063,471.07,114.37,60.8,304.16,235.16,136.302381,13.68142857
9/1/08,274319385,1862074413,1871201453,29232786719,1607475788,159548250,35007406008,433.38,99.83,60.8,263.05,233.95,131.9016818,14.02047619
10/1/08,398863117,1061519150,2205107535,26737568449,2131229315,178451198,32712738764,338.78,71.93,60.8,202.77,183.02,113.1413478,11.70217391
11/1/08,774984188,723592745,1954458440,17914269559,2568323259,171472166,24107100357,329.14,53.19,60.8,194.11,164.3,112.5494,11.82842105
12/1/08,1366455947,750385331,1944093339,13750599700,3643867407,163901054,21619302778,318.81,40.19,69.9826087,188.84,158.91,107.7238696,11.32
1/1/09,1328223668,614533775,1925573273,17514932668,1767122764,125426873,23275813021,364.72,42.85,72.50909091,211.28,173.3,114.2146818,12.244
2/1/09,750814401,689462091,1430970651,17479044439,2333315657,137428497,22821035736,341.27,41.37,75.59,195.22,163.4,114.7029,13.31210526
3/1/09,451930223,2642917362,1297536606,22145797118,1594389881,138937959,28271509149,333.66,46.43,64.07272727,199.1,164.58,112.8563182,12.92818182
4/1/09,404360678,4493192256,1300033053,23474179460,2160932829,139335836,31972034112,374.47,49.76,59.78181818,200.89,168.8,117.2659545,13.46952381
5/1/09,299977476,4679252417,2149905356,15332000414,2342110106,122358744,24925604513,422.36,58.03,62.69047619,227.19,180.07,128.0159524,15.466
6/1/09,159972938,6174379469,2236702194,21381658161,1827848355,141130153,31921691270,445.11,68.7,71.65909091,227.31,179.39,126.98,16.57590909
7/1/09,154273143,3347247694,2323060187,25439411944,3397860060,116852365,34778705393,398.09,64.88,83.95217391,195.33,151.8,120.1316957,17.80454545
8/1/09,372224514,2979620776,2101883227,23297776406,3431944207,143946665,32327395795,408.96,71.8,97.66666667,179.55,152.04,126.5387619,21.72
9/1/09,716327295,1830429968,2554846726,28244132638,1601054750,146707010,35093498387,349.05,68.15,80.71363636,156.93,150.59,126.1036818,23.45142857
10/1/09,817933732,722695249,2251780979,25624799801,2698626655,144162084,32259998500,354.86,74.01,86.78636364,163.73,167.28,130.2526364,23.16090909
11/1/09,1087834675,185808402,2477934380,21831171984,2338651152,146486907,28067887500,370.71,77.34,99.25714286,177.61,171.69,127.3920476,22.769
12/1/09,1238026742,203144890,2227241119,24188583433,1873562540,141688205,29872246929,379.3,74.69,105.2478261,171.16,164.61,131.4438696,24.90272727
1/1/10,880249263,93039825,1779101167,21081548368,2128814445,124980124,26087733192,358.97,77.1,125.9142857,167.82,167.34,132.0408571,21.90526316
2/1/10,553306909,663770956,1396846143,23422343523,2531865318,125214069,28693346918,344.66,74.65,127.615,160.16,161.91,130.8649,21.97894737
3/1/10,338735477,3086118917,1286392479,27350943882,3158256144,149718999,35370165898,348.95,79.64,139.7695652,156.46,158.93,135.3260435,18.14782609
4/1/10,204521162,4913089458,1356148312,21363232507,2575061336,132220558,30544273333,357.64,84.31,172.4681818,156.83,157.27,140.0635909,16.88571429
5/1/10,93496219,5696187620,2126362820,23436747168,3314541460,125139395,34792474682,349.05,75.37,161.347619,158.33,163.24,142.5754762,15.105
6/1/10,1190337,4039679961,2502915037,24450448848,2505039487,115623436,33614897106,348.51,74.95,143.6318182,149.21,152.87,156.7087727,16.3
7/1/10,286009325,3999165158,2900005528,25577795131,1503656668,132722133,34399353943,370.98,74.82,126.3636364,182.74,163.92,167.8315,17.69
8/1/10,1191104201,2966414860,3225726974,29786680568,3006660855,168792449,40345379907,379.46,76.02,145.3409091,219.88,175.6,172.9219091,18.60363636
9/1/10,1930444024,2008563077,3349436054,27334052404,2640261542,177264941,37440022042,390.23,76.34,140.6272727,240.43,205.84,180.2826818,22.66952381
10/1/10,1589101727,1013266827,3003309567,30184836236,1457495541,185038207,37433048105,427.18,81.89,148.4809524,234.6,235.7,177.7431905,26.94380952
11/1/10,1825228183,301253588,3108681808,24719201999,2631703666,177194692,32763263936,459.96,84.47,160.55,241.84,238.24,191.0556364,26.42047619
12/1/10,1925346114,292605816,1964237561,31980027915,5475004541,180400324,41817622271,483.76,90.19,168.526087,274.46,250.63,202.8295217,28.04090909
1/1/11,1027466018,208095949,1295902662,22736266693,2060821064,155535361,27484087747,511.1,93.06,179.63,295.99,265.29,214.963,29.73684211
2/1/11,1186638737,224881082,1270823800,23278353768,2827366718,149109337,28937173442,512.05,97.77,187.18,317.6,293.4,234.67695,29.30631579
3/1/11,387753663,2733616485,1410355060,24782476720,1881832386,151866082,31347900396,498.74,108.63,169.3565217,285.38,290.43,239.885913,25.9
4/1/11,119069628,5089786243,1302732466,24665073792,2218644584,138596395,33533903108,501.47,116.43,179.2611111,307.25,318.94,245.554,23.903
5/1/11,60624564,5305717232,1599561973,26430413803,3536312189,144242876,37076872637,498.77,108.15,177.095,307.19,308.58,240.3410909,21.84095238
6/1/11,11815661,4553505146,2487058744,25507864622,2372923491,132429185,35065596849,499.77,106.03,170.8772727,285.3,310.54,227.8728636,24.92454545
7/1/11,271573995,3738040524,3060805078,27322038074,2836618692,109023792,37338100155,501.83,108.5,172.9761905,271.46,300.83,221.4341429,29.471
8/1/11,1523618916,3681758781,3302703616,32478734577,3315113857,155792092,44457721839,501.42,100.53,177.45,288.69,310.31,222.9282609,28.87434783
9/1/11,1649216776,2798346145,2798018132,30053896527,2031535601,160212796,39491225977,490.91,100.77,177.2272727,272.34,296.3,224.2335,26.63857143
10/1/11,1521231261,1413186058,2513338955,27805487475,2471180546,172347168,35896771463,446.02,100.15,150.4333333,251.59,274.85,202.9078095,26.29857143
11/1/11,908764669,1758847238,2483086704,31759549801,2157147928,167177261,39234573601,428.83,105.02,135.5409091,244.54,274.28,200.7333636,24.51761905
12/1/11,814285944,1469779422,1833208758,34009420303,3548147637,158137166,41832979230,420.05,103.77,136.455,236.06,258.52,195.0349091,23.4152381
1/1/12,852478402,1011707981,1231077980,18181040246,2190859079,117247640,23584411328,441.73,106.71,140.347619,243.7,272.92,195.0600909,24.0205
2/1/12,279156363,1568331088,1340445828,22650481330,2341881830,119461451,28299757890,461.56,112.71,140.3952381,245.98,279.51,187.504619,23.416
3/1/12,280188861,4236918758,994265985,27536297631,2880461782,120052832,36048185849,496.29,117.83,144.6636364,243.49,280.72,171.9504091,23.78818182
4/1/12,103640067,4430830149,548600912,25546141025,2836495014,105526914,33571234081,529.42,113.76,147.6473684,228.09,274.22,164.5531429,22.477
5/1/12,165732119,7275064364,1729670859,26802382322,2308957392,108998729,38390805785,520.93,104.34,136.2727273,228.88,268.88,161.1819565,20.26545455
6/1/12,134903497,4841213912,1659228658,25885968132,1498182145,101242772,34120739116,522.33,90.91,134.6210526,241.97,267.33,149.7895238,20.09809524
7/1/12,1704885921,4129619684,2489986752,27250841015,2098104192,109566414,37783003978,609.45,96.95,127.9363636,310.75,333,165.4308182,22.75714286
8/1/12,2760703415,2430615779,2456358838,27532467314,3595967601,137075958,38913188905,622.91,105.62,107.7954545,315.55,332.23,154.3333043,20.56130435
9/1/12,3147006634,1681215994,2641147404,27670185608,2210901397,118300652,37468757689,615.18,106.4,99.47,316.65,320.71,156.7689,20.20631579
10/1/12,3662501695,906884061,3933333965,32646692868,1153659967,160312561,42463385117,565.53,103.27,113.9478261,318.41,321.38,152.6622609,20.38869565
11/1/12,3915677497,258967125,2863672814,32569613125,2207135190,150340440,41965406191,533.03,101.25,120.3454545,319.46,321.6,141.236,19.31333333
12/1/12,2794453314,135027957,2453961242,32256695311,3301446671,157466650,41099051145,534.79,101.41,128.8736842,303.04,308.75,135.8749048,19.202
1/1/13,3372046028,284016,2296759375,24656284205,735648043,141137187,31202158854,526.05,105.15,150.4909091,288.21,303.36,139.7948261,18.84571429
2/1/13,2294784202,959633412,1778025725,20673204541,1543508083,113948427,27363104390,536.38,107.64,154.6388889,271.68,302.61,135.83105,18.20789474
3/1/13,1609449582,3536307549,1940407080,22574530677,1836545989,137938194,31635179071,536.08,102.83,139.87,263.34,309.58,136.6869524,18.339
4/1/13,608751184,7154619294,1684813710,23346973743,1018569293,147667746,33961394970,517.79,98.84,137.3909091,264.17,279.76,135.3523182,17.66227273
5/1/13,275865079,7951538971,1896621159,27174647684,1746772193,137992262,39183437348,542.2,99.42,124.0095238,276.05,295.37,132.7828261,17.42636364
6/1/13,276675842,6497603130,2204803121,26106699871,1161944765,125212120,36372938849,560.16,99.84,114.815,266.85,297.11,124.0173,16.956
7/1/13,733398106,5658283460,2297324173,29694849186,1161765391,115487378,39661107694,548.35,105.34,127.1913043,257.47,279.01,125.4332609,17.09636364
8/1/13,3050474219,5375800184,3297855419,31162649801,1688605633,144013316,44719398572,498.05,108.19,137.055,258.93,234.94,122.8111364,17.24409091
9/1/13,3450099591,3469039242,2524660422,29016246022,2310076682,147713149,40917835108,503.24,108.81,134.1857143,257.5,207.49,118.93,17.619
10/1/13,3953620096,1503687439,2623981457,32515221808,1480579012,174865520,42251955332,472.83,105.68,132.5727273,278.15,201.78,115.197913,18.8126087
11/1/13,3913142362,647862778,2265098364,30909383794,2411899160,162594327,40309980785,476.66,102.69,136.3238095,259.78,199.18,109.3245238,17.7485
12/1/13,3085744804,41444366,2343412614,31808014566,2758575973,151604449,40188796772,488.67,105.63,135.7904762,246.11,197.55,114.3302727,16.5447619
1/1/14,2926795071,30606315,2137793664,24704675653,1704627988,152790655,31657289346,476.1,102.22,128.1190476,229.98,198.77,119.0693913,15.70761905
2/1/14,1063516916,2789649517,1800582607,22628901361,1318576747,156289072,29757516220,496.8,104.93,121.37,242.8,209.36,150.3203,16.88526316
3/1/14,579105681,6229304627,1553013086,24467526775,1516779187,153479140,34499208496,522,104.26,111.8333333,275.61,222.39,181.471381,17.88809524
4/1/14,566381036,8250900628,1291901168,24702320349,1627635903,171843532,36610982616,547.19,105,114.5809524,276.38,222.43,188.1174091,18.2147619
5/1/14,127569257,7609782500,1465474455,30685560299,2247841968,161645176,42297873655,546.03,105.79,100.56,287.91,216.98,180.8374091,18.24047619
6/1/14,88117195,6893161834,1855424080,29551460953,2178902238,157527013,40724593313,528,108.55,92.85238095,261.65,202.63,168.1970952,18.24190476
7/1/14,592152803,6043522618,2488097012,31184621051,3914433420,166300406,44389127310,463.23,105.46,96.26086957,238.55,182.29,168.3626087,18.73045455
8/1/14,2458034024,4119263327,2306172275,28261079808,2319987531,161522444,39626059409,432.99,100.11,94.14285714,229.16,176.48,179.1519524,17.7247619
9/1/14,2685562370,2669832551,2209433635,33076568610,2156141792,165961995,42963500953,368.85,95.83,84.52272727,211.17,163.13,177.5252727,16.54428571
10/1/14,3179548519,740838518,2735204360,31772928427,2243467209,185862057,40857849090,354.44,86.12,81.30434783,210.72,163.38,189.1095652,16.47565217
11/1/14,2980198697,176556463,2033783865,25955650370,2631138410,171949000,33949276805,379.34,77.02,74.425,215.99,178.71,177.48075,15.87894737
12/1/14,3407622107,138580630,2249202572,37393550343,3198591682,182693449,46570240783,378.78,60.62,68.67391304,234.86,178.71,164.8562174,14.99227273
1/1/15,3196990254,85335618,2362166458,23302216398,3353885474,163531275,32464125477,367.49,47.66,69.06818182,213.02,174.79,162.1039545,15.0625
2/1/15,1105412424,868658891,1044547848,25259659341,2484825038,150950897,30914054439,364.74,55.01,63.8,201.74,173.76,154.73055,14.51210526
3/1/15,676558721,5592087419,2202366583,30783268904,2686134109,171821385,42112237121,359.6,52.87,58.18181818,202.69,174.29,140.1634091,12.84090909
4/1/15,163739018,6550976888,886218542,28735340631,3474003742,168994170,39979272991,356.93,57.55,52.11363636,195.93,172.15,142.4106818,12.91095238
5/1/15,39539336,9341009332,1834318362,27690767526,3353980730,157947523,42417562809,351.95,62.59,60.42857143,193.22,166.35,137.2051429,12.7035
6/1/15,137875464,9810092292,1999697113,32028566445,3966821628,143183269,48086236211,354.82,61.42,61.84090909,199.84,166.81,138.902,12.11363636
7/1/15,1281412799,8440388069,2351345094,34007331255,2811725722,150133217,49042336156,372.35,54.67,52.17391304,199.22,179.61,134.2488261,11.87863636
8/1/15,2285178862,5161857082,1811442463,27124069563,3623854440,160292406,40166694816,347.02,46.14,57.33333333,173.52,162.74,135.5793333,10.6747619
9/1/15,3456093591,3705390780,1763712551,35605682241,2904431083,175268861,47610579107,323.55,46.24,56.97727273,164.07,166.08,126.7512727,12.13714286
10/1/15,5549402794,2594061477,2558327856,33009398960,3554320115,198614077,47464125279,327.42,47.01,53.65909091,165.45,171.45,132.1090455,14.14181818
11/1/15,4759554751,1442940426,2354919926,28000358520,2479764713,187048495,39224586831,319.08,43.09,47.19047619,157.8,166.09,128.1072857,14.843
12/1/15,6272121057,731439903,2842662713,39507790041,3723125265,178736390,53255875369,323.32,36.69,40.8826087,163.89,164,127.8109565,14.76272727
1/1/16,4442503501,394431597,1496284398,25037249433,3923444026,149220611,35443133566,323.2,30.43,42.2047619,164.61,161.1,124.2820476,14.29105263
2/1/16,5374941589,2036818373,2703821653,29946437884,3204850275,160235194,43427104968,320.13,31.27,46.48571429,159.28,159.72,125.6004286,13.314
3/1/16,2027703277,8374549242,2078427841,30317605026,3023981248,166628182,45988894816,326.94,37.71,56.53913043,164.06,159.23,133.0456522,15.43045455
4/1/16,370534135,1.01E+10,1528125299,28987405350,3528652719,134095360,44648812863,353.8,41.23,60.96666667,163.39,164.47,132.0054762,14.99809524
5/1/16,28093024,9915098848,2011827170,34005707371,2348907901,130159187,48439793501,388.51,46.31,55.88636364,157.56,169,133.8161364,16.68428571
6/1/16,20195084,7761036427,2685969011,29018724903,3710460949,124082720,43320469094,421.23,48.33,52.34090909,156.7,179.91,141.5987273,19.33727273
7/1/16,1046251275,5787202701,2911140241,30251463830,3266298543,104392354,43366748944,390.4,44.65,57.30952381,133.71,161.82,147.479381,19.687
8/1/16,2565913483,3816070571,2964929809,34502464420,4001467112,157659136,48008504531,370.32,45.26,60.86956522,127.9,150.22,144.8148696,20.01434783
9/1/16,2915544385,1443401661,3188996296,35328283409,4118492514,165489648,47160207913,355.9,45.42,57.65909091,123.25,148.51,152.4716364,21.35238095
10/1/16,1103423068,998191535,2181408199,30011709460,3985751327,178658786,38459142375,358.39,50.01,58.95238095,122.56,152.62,156.3626667,22.91666667
11/1/16,966628625,316094305,2583759949,31439488380,3884245438,180161201,39370377898,368.37,45.48,74.13636364,122.55,151.33,159.9965455,20.86857143
12/1/16,1011578293,653098393,2596273773,35116428780,2627085765,175175880,42179640884,375.29,53.07,79.43181818,122.85,152.73,143.803,18.83
1/1/17,1452387406,911826949,2212609153,28915371566,5566043474,147912715,39206151263,379.59,53.95,80.81818182,137.15,160.01,150.5249091,20.5375
2/1/17,487996558,3509447272,1823966952,25731764770,6225832529,138644195,37917652276,380.87,54.61,88.95,147.36,162.96,148.3927,20.40578947
3/1/17,243406989,8979127442,1596733171,36395469549,4003031962,149586372,51367355485,366.1,51.01,87.19565217,146.43,158.98,144.1256087,18.05956522
4/1/17,155351623,1.04E+10,1622183443,24048570939,3164258286,115852839,39506217130,347.86,52.57,70.4,138.41,156.54,140.02995,16.31684211
5/1/17,310621096,1.10E+10,2439535437,35111854770,3530082398,137935346,52530029047,350.18,50.02,61.63043478,146.44,158.6,134.5077391,15.68909091
6/1/17,564947093,9197020800,3088417562,33789202350,6194667274,114470086,52948725165,339.73,46.4,57.86363636,157.25,157.97,130.8346364,13.53
7/1/17,2323915589,6954980437,2662267331,31308784448,5382273004,96111236,48728332045,365.45,47.88,66.73809524,174.53,157.61,136.3434286,14.119
8/1/17,5258092719,5952411306,2764953955,34125980320,4576543152,142668873,52820650325,345.41,50.08,74.58695652,139.05,148.54,136.2691304,13.79608696
9/1/17,5915927021,4272462928,3501557707,31934166580,3966399037,130764327,49721277600,353.86,53.07,69.23809524,138.41,147.32,132.347619,13.931
10/1/17,5030288904,2486938126,2881013014,35257673843,3799900131,158751688,49614565706,358.28,54.96,61.04545455,133.34,148.72,128.0140909,14.23181818
11/1/17,3524015487,2142729378,2203531841,34151971310,2527040617,161893868,44711182501,361.41,60.05,63.40909091,138.05,148.79,126.0311818,14.96666667
12/1/17,3998961580,2355636571,1905004478,32766361750,3029364044,155001377,44210329800,357.15,61.12,71.73809524,147.1,149.09,122.3837619,14.4325
1/1/18,3022979341,1563589036,1566322285,30439951470,5497309153,157211022,42247362307,356.87,66.17,75.7826087,156.39,155.92,123.7954783,13.97952381
2/1/18,1255567326,2864252723,1433731067,23785102884,3635915500,136382448,33110951948,371.23,63.52,77.65,172.29,163.46,122.1592,13.57263158
3/1/18,605654576,8813759773,1767279354,29952911315,4144780371,136293961,45420679350,381.89,64.55,71.31818182,180.92,172.08,120.8996364,12.82571429
4/1/18,115685594,1.03E+10,1021858095,25877986947,4572724563,117118484,42005373683,381.27,68.97,66.33333333,180.38,175.6,120.529381,11.82428571
5/1/18,57370698,1.24E+10,2095451402,34618108025,3783303462,84921361,53039154948,374.85,73.64,66.63043478,192.7,179.18,121.5485652,11.82727273
6/1/18,144690934,1.04E+10,1927063178,35291250731,2694913312,129563328,50587481483,339.96,72.33,66.85714286,193.08,165.14,119.6445238,12.06190476
7/1/18,1171244420,1.02E+10,1869406600,35956025799,8098498030,74738421,57369913270,312.56,73.02,67.04545455,196.81,156.55,116.7443636,11.1552381
8/1/18,2826581480,8118328742,1697285106,35621273316,4227387654,135665465,52626521763,316.66,71.46,68.02173913,211.29,162.52,111.8694783,10.45521739
9/1/18,3361646481,4560701117,2522999734,33903927530,5534963236,179840378,50064078476,306.43,75.43,68.8,191.14,154.95,107.836,10.78368421
10/1/18,3109789115,5218429181,1912506913,37191204081,6753671319,196827338,54382427947,315.85,76.77,72.02173913,188.46,160.37,121.7346957,13.18478261
11/1/18,3649655023,4817422851,1857814943,33966533220,4404530579,234076345,48930032961,322.28,62.37,72.29545455,181.55,160.88,121.0300455,12.79238095
12/1/18,3643573985,4070947944,1588469435,33196349271,4221890900,246239183,46967470718,330.48,54.18,68.9047619,188.54,167.49,112.2027143,12.5535
1/1/19,3835143835,2034104088,1070192903,33135773307,4912152593,182199157,45169565883,333.78,56.78,75.2,188.84,166.85,113.3104348,12.68095238
2/1/19,1598510115,5267177989,1164530165,28924989073,3819406673,185824746,40960438761,334.5,61.31,87.59,177.92,169.66,113.51385,12.92894737
3/1/19,827461107,8458687005,1005052410,22182535369,4488979775,192632872,37155348538,329.24,64.02,87.07142857,164.51,166.32,109.8092857,12.47380952
4/1/19,349382262,9403698000,1219152937,18729772202,6811262754,165944446,36679212601,324.25,68.76,94.5,159.03,161.65,106.6706364,12.53571429
5/1/19,957666935,1.00E+10,1508705739,29874891670,4830834775,197111259,47369210378,305.31,66.6,101.7608696,158.28,171.18,105.7198696,11.825
6/1/19,1195019582,8552659616,1538286555,29657647279,3619017025,169647462,44732277519,326.61,59.6,109.55,174.7,195.17,113.0042,12.4395
7/1/19,5926452952,7443440658,1813230599,34228094723,3767517506,175310749,53354047187,325.47,61.52,119.5869565,163.88,189.49,117.0076522,12.12863636
8/1/19,7321460447,5004319704,1586386157,33818329566,4763533148,189040581,52683069603,314.63,57.65,93.5,149.36,163.63,109.6390909,11.55545455
9/1/19,6442172391,4603720269,1708122080,31940457001,5533147624,187535606,50415154971,322.45,60.05,92.26190476,146.57,157.37,111.4192857,11.158
10/1/19,6023744279,5076260085,1914761553,34136907265,5266953751,199630527,52618257460,339.87,57.49,88.58695652,153.22,167.3,109.526087,12.4573913
11/1/19,4110283413,4947359534,1924883313,29270678729,3728734484,197925405,44179864878,332.96,60.19,82.9047619,157.53,166.36,120.6698571,12.687
12/1/19,4164806207,3269636946,1435733066,25060063998,8539668449,190010799,42659919465,334.95,63.22,90.97727273,165.25,167.06,131.2135,13.3352381
1/1/20,2087889631,1397048451,1597808466,26760403681,4221906804,163529898,36228586931,337.08,61.58,95.2173913,178.24,171.81,121.2307391,14.16666667
2/1/20,340256004,4833982095,1290366543,21798207911,5881213252,168794805,34312820610,325.43,53.45,87.625,172.23,168.74,115.2703,15.07105263
3/1/20,472669706,1.09E+10,1413514290,21212732881,6381916325,182837692,40563670894,319.34,32.26,88.65909091,170.87,162.18,124.0661364,11.805
4/1/20,6696482,1.49E+10,1511965881,23989669287,6614554463,165310188,47188196301,309.99,23.34,83.75,179.75,147.01,127.4481364,10.05190476
5/1/20,24933230,1.41E+10,2575893212,21576599576,8256987023,215994004,46750407045,309.33,31.27,91.33333333,174.95,143.99,124.3024762,10.641
6/1/20,312210825,1.27E+10,2706722778,30018846265,5448127730,141928527,51327836125,318.64,39.75,103.3409091,169.72,148.04,118.4490455,11.82818182
7/1/20,3979224163,9955019150,3289294951,34101516540,7794507662,168518037,59288080503,328.94,42.18,108.0217391,170.57,152.59,123.0525652,11.90181818
8/1/20,6243786602,5836621583,3136167832,31193457112,5258498082,191583371,51860114582,332.14,43.79,120.0714286,174.18,149.39,135.9415714,12.81428571
9/1/20,6371263440,4260922212,3385565698,37472906603,5025244407,221735480,56737637840,366.82,40.97,123,204.14,166.6,138.4271364,12.44142857
10/1/20,5003812856,2422160779,3949137001,31118953186,4570639521,226940293,47291643636,387.58,40.61,119.25,203.43,186.77,126.9470909,14.28772727
11/1/20,4732624137,1435661760,2900710889,29148348494,5273883777,276805981,43768035038,419.59,42.97,123.5238095,210.75,190.63,127.2230476,14.9335
12/1/20,4856570066,274082590,2878623570,33120248082,5282467249,255090763,46667082320,443.66,49.02,153.0652174,217.31,199.18,132.1506522,14.66772727
1/1/21,2346303536,49498900,1998965510,28926439963,4864085371,222419198,38407712478,504.31,53.91,166.7380952,237.94,231.75,133.8178095,15.91631579
2/1/21,776818882,2645992006,1822109104,23996704049,4944716597,191824462,34378165100,507.82,60.95,162.325,240.81,245.55,138.51175,17.00052632
3/1/21,292013173,1.27E+10,1967882993,28331899363,6425257783,242152677,49959205989,519.88,64.09,166.7391304,229.89,245.76,139.0934783,15.80565217
4/1/21,130876347,1.61E+10,1786528594,25618380916,6472785954,207542007,50316113818,537.42,63.36,178.25,239.94,268.62,140.3935455,16.23761905
5/1/21,13919890,1.50E+10,2480428123,26538322403,5072838532,190664508,49296173456,576.97,66.63,202.8571429,278.45,304.3,154.4291429,17.20333333
6/1/21,92169250,1.11E+10,2738028195,33545936037,8133882300,174913536,55784929318,537.36,72.06,215.8157895,238.77,292.52,159.9233636,17.21409091
7/1/21,1991368991,8669658341,2466132167,31560509628,4208806520,143375822,49039851469,523.57,73.04,214.3409091,243.63,278.45,171.3773636,17.7147619
8/1/21,4335762973,6484176180,2544347307,34683354114,6782173860,172925964,55002740398,504.04,69.06,162.0909091,274.88,257.02,179.9706364,19.38363636
9/1/21,2850171717,4827184528,2542744266,33376343438,5274783801,169985416,49041213166,469.44,73.01,113.71875,269.73,235.82,189.2526364,19.26428571
10/1/21,1797038335,3292942271,2308337453,30770817629,5850041565,189152349,44208329602,452.02,82.22,114.4761905,294.04,239.6,200.3427619,19.61904762
11/1/21,2392521962,2587139385,2659576589,28786375236,3623593277,175394234,40224600683,454.58,79.55,90.13157895,317.44,248.77,214.1150909,19.74619048
12/1/21,3410600369,2711640334,1939800625,31135491108,5911884709,207986161,45317403306,473.81,73.11,110.4565217,324.02,264.57,221.5698261,19.16727273
1/1/22,2732473597,2452064476,1346872617,24894013319,4192439229,178313483,35796176721,514.45,84.12,133.0454545,326.08,276.72,222.6707143,18.461
2/1/22,768396605,6271312694,1720430685,18654057201,6474032605,208502351,34096732141,583.69,92.47,139.7,347.5,292.67,228.7114,18.20315789
3/1/22,14278863,1.22E+10,1437130789,28497813761,5335955941,203237426,47688416780,617.2,109.48,147.3478261,387.67,335.93,212.4728696,19.10782609
4/1/22,690295815,1.15E+10,1314171234,24728715331,4446937999,166102479,42846222858,618.14,103.63,146.6666667,406.03,348.51,216.9663333,19.69904762
5/1/22,1088472077,1.06E+10,1564381269,25431266134,4432755982,142704327,43259579789,617.12,109.9,131.0909091,444.16,344.91,213.2611818,19.28090909
6/1/22,989299519,9989845624,2335557267,32024469653,5672749458,181206315,51193127836,621.2,114.74,131.0454545,397.65,335.72,222.7881818,18.79409091
7/1/22,4119091237,7506214376,2860322111,31816601925,4766829602,147110497,51216169748,571,102.5,109.047619,321.98,312.68,209.2679524,18.34
8/1/22,7446091295,5945237934,2953061704,33303585476,5831058887,140145482,55619180778,576.82,95.68,109.0652174,323.02,293.93,220.8451739,18.0626087
9/1/22,6421875990,4002411514,3013495497,36121701204,5724398055,168921088,55452803348,537.55,88.25,100.8409091,346.32,312.55,220.6520455,18.18590909
10/1/22,6785069497,3798232422,3160579457,26685041962,5287793930,200100342,45916817610,507.54,90.74,94.61904762,353.71,343.55,198.9612381,18.30095238
11/1/22,5889630806,2524911788,3344044040,29922530496,8209785026,216693910,50107596066,529.75,86.54,94.56818182,344.33,320.93,177.3812273,19.40590909
12/1/22,6244707593,1935960091,2201650505,31920070500,8345888245,182370755,50830647689,541.83,78.31,111.4090909,323.65,302.24,175.0025455,20.065
1/1/23,6139944565,839588743,2023734521,24573099914,6205620675,169796836,39951785254,555.51,81.08,122.4318182,320.1,302.84,173.5257273,19.94318182
2/1/23,2274230769,5016935589,1144373176,23302270410,2378102827,122774884,34238687655,561.29,80.65,127.075,332.41,298.25,191.8431,21.4035
3/1/23,1335257523,1.32E+10,1825600686,27145767022,11003687594,163766379,54674079204,547.23,76.96,127.9782609,309.43,284.96,187.8109565,20.96173913
4/1/23,470805335,1.43E+10,969242635,24872290331,4758449412,138403119,45509190832,546.87,82.02,117.125,312.81,291.18,195.6439,24.582
5/1/23,384884759,1.56E+10,2407368184,35048724998,7114761992,141459474,60697199407,508.35,74.07,104.5217391,299.44,268.17,190.8505652,25.72956522
6/1/23,1034282002,1.37E+10,2866766422,34226187142,5714628923,138966887,57680831376,526.3,73.34,113.0909091,282.28,266.94,184.8071364,24.76227273
7/1/23,4230622740,9695932746,2930225168,31710451155,7424093889,140751552,56132077250,555.11,78.84047619,113.9761905,278.62,235.2719473,173.721,24.00809524
8/1/23,9363475834,8386951274,3625642297,37328703459,7618702413,197875587,66521350864,510.15,84.22130435,109.6086957,241.41,207.6758887,167.7498261,24.19304348
9/1/23,8746382268,6398078313,3188456073,35590988014,7685413899,178161560,61787480127,487.15,91.71761905,120.4285714,229.39,223.8476664,165.6797619,26.56380952
10/1/23,8448437670,5600055265,2871544466,33593348338,7124455371,250156966,57887998076,471.93,87.73484848,118.75,216.46,221.9025188,164.4164545,26.90363636
11/1/23,7405902856,5196190182,3642643399,31415854942,7696855519,234970533,55592417431,494.35,80.80090909,131.25,216,209.0402968,175.036,27.30954545
12/1/23,6063815924,3828722176,3788991500,39331697236,6684812979,243954042,59941993857,481.49,75.71,137.547619,229.63,207.3979689,187.8349048,22.14571429
1/1/24,4876296625,2854885830,3167655998,29264439567,9466529933,224202189,49854010142,452.63,77.56507246,136.5869565,226.08,198.7579285,187.1529565,22.47478261
2/1/24,1713086253,6608137654,3001831800,28198174340,5500317553,216807447,45238355047,429.73,80.65619048,125.9285714,219.24,188.9477445,192.116619,23.34190476
3/1/24,427307856,1.26E+10,2673133305,26326250643,7775087637,208655087,50010434528,433.53,84.33365079,110.1904762,211.84,190.2272114,195.9911905,21.76904762
4/1/24,66139351,1.47E+10,1887567353,29633982404,9090236343,254443810,55632369261,427.92,88.39712121,112.2272727,208.38,190.90005,226.0089545,20.64727273
5/1/24,413374720,1.34E+10,2805993941,32648055414,8956388431,244043953,58467856459,447.49,82.55913043,119.2391304,227.43,201.0194705,218.5770435,18.79956522
6/1/24,850892808,1.40E+10,3191717993,33099647244,6897776400,203568661,58243603106,430.97,82.31416667,108.1,205.23,191.2409429,235.1816,19.1695
7/1/24,3553865826,1.13E+10,3766861138,39255049342,7308992662,202598738,65387367706,411.08,83.7326087,107.3913043,183.23,177.7677084,244.3314783,19.35173913
8/1/24,6063155322,8041521901,3919157090,34240512750,6978723515,207426364,59450496942,361.83,78.5969697,100.9090909,175.51,169.2967424,247.4150455,18.41954545
9/1/24,6421949905,6106462842,3878606276,36780787589,5911264815,243450952,59342522379,372.1,72.41920635,96.23809524,188.51,183.6558277,267.8709048,20.6247619
10/1/24,6404878694,4709986654,3727650083,35214899705,7552530143,279619010,57889564289,368.49,74.50028986,106.6086957,197.37,189.5879059,260.3128696,22.35521739
11/1/24,4726352992,2553033885,3386230106,33484438851,8953558171,285731754,53389345759,365.52,72.51428571,103.9761905,185.73,201.3082702,281.306,21.6552381
12/1/24,4265867312,2006089195,2830797560,30569960273,4779052193,202263286,44654029819,361.24,72.46090909,105.3409091,185.79,202.829961,312.1695909,20.31181818
1/1/25,3594034364,1069166594,2060389727,30890242653,9335191014,245816359,47194840711,377.85,78.21449275,103.7826087,190.63,214.3599268,321.2351739,18.93
2/1/25,1419488671,6428331592,1823286513,25319994284,4284593658,172506126,39448200844,382.08,74.352,108.2,190.1,221.2545443,365.57505,20.1855
3/1/25,871297909,1.47E+10,1832274014,28001221853,5762116922,219552322,51386463020,369.34,70.986,103.652381,179.61,207.752,360.252619,19.05619048
4/1/25,178347528,1.53E+10,1547593900,30071596703,9139309625,173541721,56410389477,378.07,66.341,100.9090909,174.82,215.569,349.0036364,18.17181818
5/1/25,38928130,1.41E+10,2231148658,34772655740,9478897516,170615833,60792245877,387.65,63.3,100.2727273,196.84,204.808,349.503,17.43136364
6/1/25,369533361,1.34E+10,3367709190,35974374441,7946833020,134168753,61192618765,383.52,69.249,96.16666667,173.19,195.719,313.0778095,16.22619048