date,USDBRL_log,neer_log,reer_log,brazil_rate_log,us_rate_log,rate_diff_log,vix_log,current_account_log,aec_log,pae_log,fx_gap_log,total_commodity_exports_log,total_export_value_log,total_export_kg_log,post_2008,USDBRL,neer,reer,brazil_rate,us_rate,vix,current_account,aec,pae,fx_gap,total_commodity_exports,total_export_value,total_export_kg,cxpi_dynamic,cxpi_laspeyres,cxpi_dynamic_log,cxpi_laspeyres_log
2/1/00,-0.01589636,0.0205469,0.01762237,0,0.044451763,-0.018692133,0.017094433,-0.219744071,,,,0.108655684,0.178608588,-0.181745908,0,1.774490476,195.7,115.64,19,5.75,23.60,-1306800000,,,,4679559000,4120793391,16179667934,99.72766876,101.5047836,-0.002727027,0.014935741
3/1/00,-0.018919652,0.029950647,0.028809629,-0.026668247,0.042559614,-0.058268908,-0.038001118,-0.450063251,,,,-0.042336959,0.080771534,0.23868226,0,1.741233333,201.65,119.02,18.5,6,22.72,-2049600000,,,,4485576000,4467447649,20541303182,101.9304962,102.485405,0.021848013,0.009614471
4/1/00,0.014897998,-0.007366516,-0.004209824,0,0,0,0.178499709,-0.420925257,,,,-0.008887066,-0.068848314,-0.130189422,0,1.767368421,200.17,118.52,18.5,6,27.16,-3122300000,,,,4445889000,4170220598,18033808143,106.1119766,103.0780334,0.040203748,0.00576591
5/1/00,0.033255752,-0.015405057,-0.015989454,0,0.080042708,-0.040821995,-0.029518302,0.569173536,,,,0.044792527,0.193474474,0.280581415,0,1.827131818,197.11,116.64,18.5,6.5,26.37,-1767200000,,,,4649559000,5060389264,23874946411,107.0497284,104.6652908,0.008798558,0.015281245
6/1/00,-0.010786943,-0.004729343,-0.005502077,-0.055569851,0,-0.087011377,-0.202315329,-0.384575426,,,,-0.020628957,-0.042443642,-0.118943263,0,1.807528571,196.18,116,17.5,6.5,21.54,-2596000000,,,,4554626000,4850102157,21197566320,102.5146255,101.8003159,-0.043288001,-0.027754345
7/1/00,-0.005828625,0.009941246,0.024356139,-0.0588405,0,-0.09531018,-0.079694579,0.560039606,,,,0.030198344,0.030499633,0.066754336,0,1.79702381,198.14,118.86,16.5,6.5,19.89,-1482800000,,,,4694266000,5000307451,22660894162,97.36100769,97.63568878,-0.051579678,-0.041770117
8/1/00,0.006332257,0.006890509,0.019083117,0,0,0,-0.094857793,-0.105933591,,,,0.033069425,0.098227508,0.050488299,0,1.80843913,199.51,121.15,16.5,6.5,18.09,-1648500000,,,,4852098000,5516407914,23834378510,96.60108185,97.78255463,-0.007835858,0.001503093
9/1/00,0.016426074,-0.003967562,-0.006376041,0,0,0,0.084751593,-0.101933358,,,,-0.073456444,-0.158946075,-0.170604472,0,1.83839,198.72,120.38,16.5,6.5,19.69,-1825400000,,,,4508456000,4705729616,20096075378,100.6048813,100.9566422,0.040610838,0.031944956
10/1/00,0.021763363,-0.013323061,-0.013548756,0,0,0,0.246733102,-0.713911798,,,,-0.009097573,-0.01518327,0.085437722,0,1.878838095,196.09,118.76,16.5,6.5,"	25.20",-3727400000,,,,4467626000,4634820927,21888519226,100.6838379,99.90743256,0.000784511,-0.010447056
11/1/00,0.035744027,-0.033077147,-0.030955871,0,0,0,0.045762153,0.269480257,,,,0.012709576,-0.057879259,-0.151295699,0,1.94721,189.71,115.14,16.5,6.5,"	26.38",-2846900000,,,,4524770000,4374176633,18815228417,101.8361664,100.9289627,0.011380021,0.010172847
12/1/00,0.007821592,-0.020556694,-0.015844863,-0.046520016,0,-0.077961541,0.005670021,-0.088038283,,,,0.055849892,0.060287371,-0.0437069,0,1.9625,185.85,113.33,15.75,6.5,"	26.53",-3108900000,,,,4784668000,4645995542,18010585422,101.883812,101.723999,0.000467755,0.007846324
1/1/01,-0.004489507,-0.003935633,-0.000264749,-0.032260862,-0.167054085,0.052643733,-0.062605474,0.248066376,,,,0.08889081,-0.025576084,0.31583186,0,1.953709091,185.12,113.3,15.25,5.5,24.92,-2425900000,,,,5229457000,4528675856,24699710529,105.0363541,101.9170532,0.030473454,0.001896025
2/1/01,0.023945155,-0.019363009,-0.016732323,0,0,0,-0.062507412,0.230134417,,,,-0.04856074,-0.108535623,-0.356316046,0,2.001055556,181.57,111.42,15.25,5.5,23.41,-1927200000,,,,4981578000,4062887664,17296003758,103.36763,100.396965,-0.016014662,-0.015027301
3/1/01,0.042651576,-0.032123635,-0.031546056,0.032260862,-0.09531018,0.09763847,0.196740806,-0.360791614,,,,0.062631962,0.237834414,0.275966962,0,2.08825,175.83,107.96,15.75,5,28.50,-2764500000,,,,5303562000,5153769468,22792748570,98.67436218,99.14069366,-0.046466699,-0.012591989
4/1/01,0.048330572,-0.039441405,-0.038813238,0.031252544,-0.105360516,0.088947486,-0.013067465,0.099449682,,,,-0.078874318,-0.089254434,-0.112158968,0,2.191655,169.03,103.85,16.25,4.5,28.13,-2502800000,,,,4901319000,4713703708,20374486826,93.34926605,97.75274658,-0.05547715,-0.014098693
5/1/01,0.046699569,-0.038414081,-0.037977384,0.030305349,-0.117783036,0.081678031,-0.203954511,0.057308845,,,,0.008202418,0.128897357,0.242068659,0,2.296431818,162.66,99.98,16.75,4,22.94,-2363400000,,,,4941687000,5362183737,25954684967,95.10283661,99.09001923,0.018610789,0.013587426
6/1/01,0.033651429,-0.030650631,-0.025733362,0.085766822,-0.064538521,0.128617378,-0.091220906,0.049748989,,,,-0.015014968,-0.063273975,-0.149063871,0,2.375025,157.75,97.44,18.25,3.75,20.94,-2248700000,,,,4868042000,5033408207,22360326730,96.77199554,100.0366135,0.017398853,0.009507532
7/1/01,0.037274196,-0.0346341,-0.019063984,0.040273899,0,0.050430854,0.063821932,0.040660803,,,,-0.072803323,-0.015182674,0.153231044,0,2.465222727,152.38,95.6,19,3.75,22.32,-2159100000,,,,4526226000,4957564819,26063068293,103.5664139,103.3157883,0.067855437,0.03225395
8/1/01,0.017933036,-0.032956088,-0.026176454,0,-0.068992871,0.016260521,-0.020824655,0.535489289,,,,0.104445826,0.143043303,-0.039686235,0,2.509830435,147.44,93.13,19,3.5,21.86,-1263900000,,,,5024542000,5719937959,25048979031,102.1131897,102.8039398,-0.014131186,-0.004966526
9/1/01,0.062186505,-0.063201018,-0.063615507,0,-0.15415068,0.031748698,0.472687581,0.202509732,,,,-0.078551545,-0.188294221,-0.14324326,0,2.670863158,138.41,87.39,19,3,35.07,-1032200000,,,,4644960000,4738230423,21706023641,98.55737305,100.2962036,-0.035443055,-0.024695833
10/1/01,0.025327262,-0.02287359,-0.013710682,0,-0.182321557,0.030771659,-0.069359552,-0.926814507,,,,-0.004577129,0.042497256,0.139885707,0,2.739372727,135.28,86.2,19,2.5,"	32.72",-2607800000,,,,4623748000,4943932135,24965016779,96.73072815,96.74897766,-0.018707726,-0.036008079
11/1/01,-0.074673547,0.076054417,0.084601282,0,-0.223143551,0.029852963,-0.205948112,0.445563574,,,,0.004250916,-0.096891694,-0.160826121,0,2.542265,145.97,93.81,19,2,"	26.63",-1670200000,,,,4643445000,4487381285,21256216522,100.032692,97.06483459,0.033565932,0.003259388
12/1/01,-0.073589036,0.075452745,0.082229683,0,-0.133531393,0.014598799,-0.115719826,-0.141670851,,,,-0.039406394,-0.035558815,-0.059493873,0,2.3619,157.41,101.85,19,1.75,"	23.72",-1924400000,,,,4464022000,4330618982,20028485239,98.73487091,96.76828003,-0.013058866,-0.003059898
1/1/02,0.006414877,0.00228441,0.003332683,0,0,0,-0.063976566,0.38841119,,,,0.02380785,-0.091479051,0.004412584,0,2.3771,157.77,102.19,19,1.75,22.25,-1305000000,,,,4571576000,3952038148,20117057888,98.79398346,95.59343719,0.000598521,-0.012215086
2/1/02,0.017390292,0.042501511,0.04074762,-0.013245227,0,-0.014598799,0.027921158,0.082715497,,,,-0.019778365,-0.078767219,-0.136183095,0,2.4188,164.62,106.44,18.75,1.75,22.88,-1201400000,,,,4482046000,3652691211,17555811086,97.98891449,95.41749573,-0.008182352,-0.001842214
3/1/02,-0.030625871,0.042341918,0.041948755,-0.01342302,0,-0.014815086,-0.186877373,0.055798182,,,,0.002006443,0.1518677,0.187311759,0,2.345845,171.74,111,18.5,1.75,18.98,-1136200000,,,,4491048000,4251755321,21172364495,97.29732513,97.82933044,-0.007082857,0.024962479
4/1/02,-0.011250921,0.021429391,0.017326503,0,0,0,0.047333939,-0.626694018,,,,0.040980805,0.081344667,0.11533771,0,2.3196,175.46,112.94,18.5,1.75,19.90,-2126300000,,,,4678918000,4612069084,23760736231,97.16122437,98.35717773,-0.001399792,0.005381089
5/1/02,0.0667025,-0.068948092,-0.070898351,0,0,0,0.009502447,0.04040469,,,,-0.134580843,-0.041615297,-0.22582507,0,2.4796,163.77,105.21,18.5,1.75,20.09,-2042100000,,,,4089759000,4424075300,18957685371,98.90323639,99.72801208,0.017770256,0.013841078
6/1/02,0.090022279,-0.095389563,-0.094008869,0,0,0,0.229395743,0.359666535,,,,-0.010601608,-0.084682949,-0.450854044,0,2.713175,148.87,95.77,18.5,1.75,25.27,-1425200000,,,,4046630000,4064856073,12077634646,101.6627884,101.3366776,0.027519378,0.016001813
7/1/02,0.078190831,-0.089169337,-0.079625128,-0.027398974,0,-0.030305349,0.298212111,0.700329804,,,,0.307979216,0.422522907,1.144182304,0,2.933834783,136.17,88.44,18,1.75,34.05,-707500000,,,,5506139000,6202182481,37922237046,109.8407211,106.789772,0.077369986,0.05241374
8/1/02,0.058090177,-0.058987386,-0.056280836,0,0,0,-0.009145955,39.32738003,,,,-0.061320213,-0.077699722,-0.149857993,0,3.109309091,128.37,83.6,18,1.75,33.74,169800000,,,,5178645000,5738521055,32644607346,108.7955322,107.5950623,-0.009561057,0.007512602
9/1/02,0.071942306,-0.061525744,-0.05811581,0,0,0,0.109648877,1.847499082,,,,0.173701668,0.121338225,0.083991571,0,3.341242857,120.71,78.88,18,1.75,37.65,1077200000,,,,6161037000,6478828752,35504918922,112.3158112,108.3653183,0.031844376,0.007133339
10/1/02,0.13000742,-0.130518079,-0.119718223,0.15415068,0,0.169418152,-0.066151153,-39.82262764,,,,-0.023342749,-0.003457791,-0.187746382,0,3.805130435,105.94,69.98,21,1.75,"	35.24",-183000000,,,,6018887000,6456465000,29427360365,107.9369202,106.412529,-0.039767662,-0.018184772
11/1/02,-0.062217276,0.046837469,0.075525739,0.046520016,-0.336472237,0.075035186,-0.223569295,-0.517035807,,,,-0.103865657,-0.235324896,-0.219132495,0,3.5756,111.02,75.47,22,1.25,"	28.18",-306900000,,,,5425102000,5102634927,23636505761,106.9780197,107.8292084,-0.008923594,0.013225248
12/1/02,0.013754134,-0.020566745,-0.001060586,0.127833372,0,0.135036284,0.001064019,0.331077883,,,,-0.03692432,0.021022537,-0.041093449,0,3.625119048,108.76,75.39,25,1.25,"	28.21",-220400000,,,,5228437000,5211040751,22684886776,107.5669479,107.9888458,0.005490035,0.001479371
1/1/03,-0.053126798,0.036738641,0.055092938,0.019802627,0,0.020834087,-0.028403851,36.57031891,,,,0.057736983,-0.086280822,0.126862187,0,3.437554545,112.83,79.66,25.5,1.25,27.42,34600000,,,,5539196000,4780278337,25753257112,112.2532196,113.2400055,0.042643783,0.047481566
2/1/03,0.043379337,-0.047275757,-0.036693154,0.038466281,0,0.040409538,0.161314704,-36.97910578,,,,0.098874146,0.041271898,-0.081997492,0,3.589955,107.62,76.79,26.5,1.25,32.22,-331700000,,,,6114870000,4981697380,23725813135,114.0906372,114.0159073,0.016235987,0.006828468
3/1/03,-0.040899565,0.033532903,0.040827204,0,0,0,-0.050607457,37.15611459,,,,-0.107019963,0.04478183,0.027890274,0,3.446089474,111.29,79.99,26.5,1.25,30.63,41300000,,,,5494258000,5209857493,24396846715,113.9732971,113.4040833,-0.001029011,-0.005380578
4/1/03,-0.100080404,0.092782871,0.102117358,0,0,0,-0.244342844,-38.35703783,,,,0.050045077,0.086699036,0.095795149,0,3.1179,122.11,88.59,26.5,1.25,23.99,-1102300000,,,,5776215000,5681705996,26849549426,118.9867172,114.6381454,0.043047682,0.010823208
5/1/03,-0.053680385,0.030088981,0.037660891,0,0,0,-0.169976232,41.21194825,,,,0.045373342,0.113267401,0.094460887,0,2.954942857,125.84,91.99,26.5,1.25,20.24,717500000,,,,6044338000,6363120746,29509431575,123.6940384,116.9767609,0.038799217,0.020194684
6/1/03,-0.024854298,0.021462244,0.020444009,-0.019048195,-0.223143551,-0.009950331,0.005911347,-0.833731759,,,,-0.065331886,-0.083854615,-0.202043009,0,2.882405,128.57,93.89,26,1,20.36,311700000,,,,5662073000,5851302730,24110969854,122.4933701,116.6351166,-0.009754178,-0.00292489
7/1/03,-0.001182003,0.010830151,0.013120493,-0.05942342,0,-0.061875404,-0.060747419,0.637572745,,,,-0.046611985,0.039572783,0.029071642,0,2.879,129.97,95.13,24.5,1,19.16,589700000,,,,5404209000,6087497688,24822203619,115.3041153,113.053833,-0.060483788,-0.031186296
8/1/03,0.041735783,-0.031895145,-0.031175793,-0.107630664,0,-0.112477983,0.00572471,0.607137351,,,,0.092162242,0.047993289,0.00462512,0,3.0017,125.89,92.21,22,1,19.27,1082200000,,,,5925946000,6386781075,24937275195,113.8572235,112.3446884,-0.012627881,-0.006292383
9/1/03,-0.026910482,0.020987212,0.025271716,-0.09531018,0,-0.100083459,0.013402262,0.055622295,,,,0.124956284,0.127482228,0.309100128,0,2.922,128.56,94.57,20,1,19.53,1144100000,,,,6714683000,7255157716,33969525284,120.4429703,116.521759,0.056231127,0.036506308
10/1/03,-0.021201963,0.002097984,0.003588773,-0.051293294,0,-0.054067221,-0.080469493,-39.27756439,,,,0.044707024,0.037533925,0.069945655,0,2.8607,128.83,94.91,19,1,"	18.02",-99900000,,,,7021688000,7532647324,36430613918,133.3461304,124.2490616,0.101771866,0.064210084
11/1/03,0.018117128,-0.017303231,-0.014219255,-0.082238098,0,-0.087011377,-0.035012046,-1.284985235,,,,-0.082233028,-0.241209668,-0.405574099,0,2.913,126.62,93.57,17.5,1,"	17.40",-361100000,,,,6467377000,5918226834,24284429018,126.7275467,126.6594467,-0.050908751,0.019213851
12/1/03,0.003924505,-0.019861072,-0.016160662,-0.0588405,0,-0.062520357,-0.033307198,38.63936675,,,,0.014943962,0.128311396,-0.089230243,0,2.924454545,124.13,92.07,16.5,1,"	16.83",167200000,,,,6564751000,6728473371,22211387782,125.5024338,127.8534012,-0.009714329,0.009382341
1/1/04,-0.025426481,0.011374682,0.016267528,0,0,0,-0.044343736,1.124199195,,,,0.049881758,-0.151020471,0.385993725,0,2.851033333,125.55,93.58,16.5,1,16.10,514600000,,,,6900517000,5785343912,32674627063,135.6855316,142.4093323,0.07801479,0.107821228
2/1/04,0.027154051,-0.027208718,-0.024118403,0,0,0,-0.00623055,-2.327374855,,,,-0.031883915,-0.012131866,-0.27795218,0,2.929511111,122.18,91.35,16.5,1,16.00,50200000,,,,6683972000,5715580929,24745574522,142.4975433,145.9742584,0.048984819,0.024724762
3/1/04,-0.008520406,0.018890667,0.018546164,-0.015267472,0,-0.016260521,0.100410786,2.374442366,,,,0.16524016,0.324569026,0.399682544,0,2.904656522,124.51,93.06,16.25,1,17.69,539400000,,,,7884924000,7907130664,36904341870,167.0181885,155.5565491,0.15877796,0.063579031
4/1/04,0.000181925,0.006165198,0.005572239,-0.015504187,0,-0.016529302,-0.119338796,-40.76106203,,,,-0.162927895,-0.183514072,-0.62209834,0,2.905185,125.28,93.58,16,1,15.70,-934100000,,,,6699445000,6581422428,19810871848,185.0868073,156.6014252,0.102722224,0.006694559
5/1/04,0.064782144,-0.052268429,-0.0508547,0,0,0,0.119903927,41.60517669,,,,0.143266436,0.185350014,0.260017857,0,3.099619048,118.9,88.94,16,1,17.70,1254600000,,,,7731409000,7921661037,25693774565,178.8534546,153.9391479,-0.034258162,-0.017146503
6/1/04,0.009225732,-0.020649075,-0.015180987,0,0.223143551,-0.016807118,-0.143100844,0.335481105,,,,0.122594353,0.161111177,0.286979023,0,3.128347619,116.47,87.6,16,1.25,15.34,1754700000,,,,8739784000,9306490756,34234289224,165.7602539,147.8999023,-0.07602429,-0.040021672
7/1/04,-0.029971574,0.024594184,0.033893941,0,0,0,0.010376228,-0.137618575,,,,-0.06851803,-0.037618161,0.083848547,0,3.035977273,119.37,90.62,16,1.25,15.50,1529100000,,,,8161006000,8962900814,37228563297,148.9272919,141.0535736,-0.107084278,-0.047395937
8/1/04,-0.01122133,0.016615818,0.021506205,0,0.182321557,-0.017094433,0.073370373,-0.01469113,,,,0.000256798,0.008530885,0.028371416,0,3.0021,121.37,92.59,16,1.5,16.68,1506800000,,,,8163102000,9039689359,38299916409,129.4063721,129.2664948,-0.140500589,-0.087263649
9/1/04,-0.037935265,0.036008583,0.036479498,0.015504187,0.15415068,0,-0.169455046,-0.010205872,,,,0.011817051,-0.014442832,-0.125071454,0,2.890347619,125.82,96.03,16.25,1.75,14.08,1491500000,,,,8260138000,8910068943,33797142566,120.793869,125.1432953,-0.068872093,-0.032416681
10/1/04,-0.013336991,0.004045217,0.004467772,0.030305349,0,0.033901552,0.061292848,-0.645171485,,,,-0.02476871,-0.085768183,-0.122650057,0,2.852055,126.33,96.46,16.75,1.75,"	14.97",782400000,,,,8058058000,8177723377,29896045149,126.3521347,123.3926849,0.044987198,-0.014087613
11/1/04,-0.023705741,0.002134979,0.008773344,0.029413885,0.133531393,0.016529302,-0.097450076,-40.44142809,,,,0.045564423,-0.003920777,0.074582544,0,2.78524,126.6,97.31,17.25,2,"	13.58",-467800000,,,,8433712000,8145723119,32211023743,127.8612213,122.937767,0.011872738,-0.003693562
12/1/04,-0.024672905,0.012403016,0.020646551,0.028573372,0.117783036,0.016260521,-0.086074609,40.62270531,,,,0.000991716,0.0621378,-0.0664438,0,2.71736087,128.18,99.34,17.75,2.25,"	12.46",937900000,,,,8442080000,8667937031,30140354246,128.3519287,123.0841751,0.003830467,0.001190204
1/1/05,-0.009302438,0.014098924,0.018056254,0.027779564,0,0.031748698,0.075711822,-0.396971586,,,,0.08413949,-0.147317773,-0.109190768,0,2.6922,130,101.15,18.25,2.25,13.44,630600000,,,,9183131000,7480600323,27022616899,199.0636139,171.244278,0.438848507,0.330222591
2/1/05,-0.036001771,0.036035171,0.036307618,0.027028672,0.105360516,0.015504187,-0.137792157,-37.94680839,,,,0.041341791,0.038950228,0.082554684,0,2.597,134.77,104.89,18.75,2.5,11.71,-47900000,,,,9570735000,7777720295,29348130923,199.0026855,171.9109497,-0.000306122,0.003885545
3/1/05,0.040338243,-0.043912268,-0.043550791,0.026317308,0.09531018,0.015267472,0.114456511,38.85405102,,,,-0.036847668,0.174243841,0.076097134,0,2.7039,128.98,100.42,19.25,2.75,13.13,1562300000,,,,9224494000,9258176578,31668610823,177.4256744,180.6571198,-0.114766534,0.04962426
4/1/05,-0.047526124,0.05483408,0.059252968,0.012903405,0,0.015037877,0.096486528,-1.034766095,,,,0.046968021,-0.001192996,0.041629974,0,2.5784,136.25,106.55,19.5,2.75,14.46,555100000,,,,9668086000,9247138198,33014800785,173.7002716,179.3890686,-0.021220549,-0.007043854
5/1/05,-0.050265033,0.055182967,0.059038912,0.012739026,0.087011377,0,-0.034474043,-0.481126327,,,,-0.032347355,0.063129914,-0.049163122,0,2.452,143.98,113.03,19.75,3,13.97,343100000,,,,9360353000,9849729906,31430942822,174.5875854,179.6556702,0.005095301,0.001485061
6/1/05,-0.016157566,0.028483372,0.027659574,0,0.080042708,-0.015037877,-0.162897965,1.137859156,,,,0.02401127,0.034943686,0.049446579,0,2.4127,148.14,116.2,19.75,3.25,11.87,1070500000,,,,9587827000,1.02E+10,33024160404,174.885788,185.2510376,0.001706583,0.03066979
7/1/05,-0.016717905,0.022493857,0.021876005,0,0,0,-0.071583781,0.783903676,,,,0.076800412,0.084557388,0.108414724,0,2.3727,151.51,118.77,19.75,3.25,11.05,2344400000,,,,10353190000,1.11E+10,36805752491,182.5905457,186.102951,0.04311307,0.004588156
8/1/05,-0.00543878,-0.005426883,-0.006758495,0,0.074107972,-0.015267472,0.15866536,-1.459366028,,,,-0.037775788,0.017857617,0.024972609,0,2.359830435,150.69,117.97,19.75,3.5,12.95,544800000,,,,9969385000,1.13E+10,37736460907,180.0619354,182.2752991,-0.013945313,-0.020781844
9/1/05,-0.028467131,0.027555001,0.023954244,-0.012739026,0.068992871,-0.031252544,-0.025020852,1.376379362,,,,-0.007135161,-0.054558984,-0.129564936,0,2.2936,154.9,120.83,19.5,3.75,12.63,2157700000,,,,9898505000,1.07E+10,33150633426,179.6493225,178.6220703,-0.002294135,-0.020245942
10/1/05,-0.016684456,0.02970295,0.034249087,-0.025975486,0,-0.032260862,0.167967243,-1.173258727,,,,-0.010844563,-0.0747339,-0.02943173,0,2.25565,159.57,125.04,19,3.75,"	14.94",667500000,,,,9791740000,9929497189,32189171089,181.5964661,178.2323761,0.010780264,-0.002184052
11/1/05,-0.020445664,0.028176099,0.035047195,-0.026668247,0.064538521,-0.050430854,-0.20671301,0.827258928,,,,0.136323598,0.084036293,0.114290205,0,2.21,164.13,129.5,18.5,4,"	12.15",1526600000,,,,11221850000,1.08E+10,36086552879,191.3918457,177.1567993,0.052535869,-0.00605297
12/1/05,0.033242209,-0.033328159,-0.031215773,-0.027398974,0.060624622,-0.053109825,-0.076072547,-1.547896638,,,,-0.030715965,0.009216655,-0.020719346,0,2.2847,158.75,125.52,18,4.25,"	11.26",324700000,,,,10882400000,1.09E+10,35346555707,200.392868,179.4525452,0.045956905,0.012875588
1/1/06,-0.005090186,-0.006445927,-0.004791576,-0.042559614,0.057158414,-0.075507553,0.066977817,-39.69075424,,,,0.021486966,-0.160669742,-0.12588552,0,2.2731,157.73,124.92,17.25,4.5,12.04,-532100000,,,,11118760000,9282148569,31165615942,236.960083,202.4418793,0.167611921,0.120542029
2/1/06,-0.050527187,0.05483106,0.056264109,0,0,0,0.03509132,39.92887591,,,,-0.029766572,-0.058223272,-0.109283353,0,2.1611,166.62,132.15,17.25,4.5,12.47,412000000,,,,10792670000,8757143569,27939238005,234.4169617,202.6331635,-0.010790284,0.000944438
3/1/06,-0.004591525,0.003056182,0.003399437,-0.044451763,0.054067221,-0.081678031,-0.064591984,0.94820325,,,,0.048946916,0.26374358,0.327469961,0,2.1512,167.13,132.6,16.5,4.75,11.69,1063400000,,,,11334080000,1.14E+10,38764389997,207.1630402,202.2443237,-0.1235953,-0.001920778
4/1/06,-0.01060832,0.00292756,-0.001358388,-0.046520016,0,-0.065957968,0.013594092,-39.14884756,,,,-0.072269468,-0.148975998,-0.278576235,0,2.1285,167.62,132.42,15.75,4.75,11.85,-94500000,,,,10543870000,9822123658,29339238168,191.4914703,203.1830597,-0.078662851,0.004630855
5/1/06,0.022668071,-0.036822922,-0.038960967,0,0.051293294,-0.022989518,0.198366547,37.34383535,,,,-0.104199904,0.047506538,-0.105607494,0,2.1773,161.56,127.36,15.75,5,14.45,174900000,,,,9500503000,1.03E+10,26398793620,182.6309662,205.0600739,-0.047375728,0.009195635
6/1/06,0.03173291,-0.024943325,-0.028108065,-0.032260862,0.048790164,-0.072320662,0.15780194,0.769885845,,,,0.120912856,0.10146946,0.293508164,0,2.2475,157.58,123.83,15.25,5.25,16.92,377700000,,,,10721570000,1.14E+10,35404059085,208.7462463,204.4729309,0.133651843,-0.00286738
7/1/06,-0.02660211,0.02716912,0.027872484,-0.03333642,0,-0.051293294,-0.098684661,2.009824395,,,,0.172212717,0.176456437,0.358791658,0,2.1885,161.92,127.33,14.75,5.25,15.33,2818400000,,,,12736480000,1.36E+10,50684398153,200.9687195,205.8407135,-0.03797011,0.006667035
8/1/06,-0.015379251,0.009588273,0.007355276,-0.034486176,0,-0.054067221,-0.138295308,-0.38530356,,,,-0.060469077,0,-0.232090759,0,2.1551,163.48,128.27,14.25,5.25,13.35,1917200000,,,,11989140000,1.36E+10,40186349605,202.5300293,202.7136078,0.007738897,-0.01530845
9/1/06,0.005921831,-0.001407891,-0.000155933,0,0,0,-0.091721123,0.043330841,,,,0.000477818,-0.076372979,-0.08601847,0,2.1679,163.25,128.25,14.25,5.25,12.18,2002100000,,,,11994870000,1.26E+10,36874081496,210.6723022,200.1373749,0.039415688,-0.012790179
10/1/06,-0.009454582,0.010541486,0.014014398,-0.035718083,0,-0.057158414,-0.074107972,-0.434914031,,,,0.012459912,0.00790518,0.053706753,0,2.1475,164.98,130.06,13.75,5.25,"	11.31",1296000000,,,,12145260000,1.27E+10,38908613719,216.946701,204.4764862,0.02934785,0.021448982
11/1/06,0.004460352,-0.012012706,-0.00989036,-0.037041272,0,-0.060624622,-0.044291017,-0.133795978,,,,0.012868401,-0.065063593,-0.094084494,0,2.1571,163.01,128.78,13.25,5.25,"	10.82",1133700000,,,,12302560000,1.19E+10,35414847895,227.7435303,211.4431305,0.048568423,0.033503089
12/1/06,-0.003706271,-0.009492182,-0.008813378,0,0,0,0.012856008,-1.709256782,,,,0.018474012,0.033060862,-0.065233907,0,2.14912,161.47,127.65,13.25,5.25,"	10.96",205200000,,,,12531950000,1.23E+10,33178340131,239.5039978,211.572052,0.05034998,0.000609536
1/1/07,-0.005327971,0.012799387,0.015854844,-0.019048195,0,-0.031748698,0.007272759,-39.41397128,,,,0.023450234,-0.11170399,0.081620355,0,2.1377,163.55,129.69,13,5.25,11.04,-638400000,,,,12829300000,1.10E+10,35999952261,257.0687866,225.7390137,0.070773592,0.064813913
2/1/07,-0.019938296,0.020635509,0.020680656,0,0,0,0.010810916,38.82706143,,,,-0.027819823,-0.085359849,-0.143578059,0,2.0955,166.96,132.4,13,5.25,11.16,114100000,,,,12477310000,1.01E+10,31185073071,251.7061005,231.7350464,-0.021081562,0.026215152
3/1/07,-0.003633412,-0.003059299,-0.004466152,-0.019418086,0,-0.032789823,0.306324423,-32.14495408,,,,0.053402341,0.244691888,0.14392691,0,2.0879,166.45,131.81,12.75,5.25,15.16,-800000,,,,13161740000,1.29E+10,36012513066,231.8917542,231.4513702,-0.081991453,-0.00122489
4/1/07,-0.027532025,0.018334938,0.015507688,-0.019802627,0,-0.033901552,-0.159110187,34.74331721,,,,-0.014399925,-0.039530839,0.017686832,0,2.0312,169.53,133.87,12.5,5.25,12.93,1533700000,,,,12973570000,1.24E+10,36655126495,215.8866577,229.6476135,-0.071517149,-0.007823769
5/1/07,-0.025125948,0.021417094,0.020773247,0,0,0,0.028213842,-41.13418563,,,,-0.033462904,0.09237332,0.075248062,0,1.9808,173.2,136.68,12.5,5.25,13.30,-477100000,,,,12546620000,1.36E+10,39519782056,220.7769318,232.6501312,0.022399296,0.012989723
6/1/07,-0.025411015,0.027729735,0.028347673,-0.040821995,0,-0.071458964,0.116947265,38.81999271,,,,0.001717712,-0.037457563,-0.105515554,0,1.9311,178.07,140.61,12,5.25,14.95,151600000,,,,12568190000,1.31E+10,35562289890,219.6643982,237.477417,-0.005051914,0.02053679
7/1/07,-0.025754748,0.018031542,0.018810657,-0.042559614,0,-0.076961041,0.144259592,-39.76418646,,,,0.020324054,0.073562567,0.245602583,0,1.882,181.31,143.28,11.5,5.25,17.27,-1226500000,,,,12826240000,1.41E+10,45462526224,231.7111816,239.4082031,0.053390771,0.008097525
8/1/07,0.04325898,-0.037424302,-0.035303215,0,0,0,0.371104213,41.59486638,,,,0.033457987,0.068519946,-0.036294001,0,1.9652,174.65,138.31,11.5,5.25,25.03,945700000,,,,13262640000,1.51E+10,43842093134,230.2118988,238.1744385,-0.006491505,-0.005166718
9/1/07,-0.034371914,0.021580515,0.019262348,-0.021978907,-0.100083459,0.039220713,-0.119982817,-1.473873056,,,,0.007155413,-0.104624951,-0.115612066,0,1.8988,178.46,141,11.25,4.75,22.20,216600000,,,,13357880000,1.36E+10,39055445658,243.1052704,247.7408447,0.054494377,0.039379879
10/1/07,-0.053324338,0.042188314,0.040992193,0,-0.054067221,0.037740328,-0.149357381,-39.35172291,,,,0.096333362,0.14359092,0.11950692,0,1.8002,186.15,146.9,11.25,4.5,"	19.12",-568300000,,,,14708710000,1.57E+10,44013184630,245.7136841,251.3270874,0.010672411,0.014372009
11/1/07,-0.017426827,0.008398691,0.006649051,0,0,0,0.291075889,-1.221537157,,,,-0.012185129,-0.114603383,-0.174734881,0,1.7691,187.72,147.88,11.25,4.5,"	25.58",-1927900000,,,,14530570000,1.40E+10,36956973534,264.981781,259.6647644,0.0754941,0.032636204
12/1/07,0.009059511,-0.00931235,-0.005220528,0,-0.057158414,0.036367644,-0.166805342,0.788249902,,,,-0.000753868,0.014184635,0.006567943,0,1.7852,185.98,147.11,11.25,4.25,"	21.65",-876500000,,,,14519620000,1.42E+10,37200503699,280.3905945,266.8485718,0.056522539,0.027289919
1/1/08,-0.006575459,0.000107533,0.001765825,0,-0.348306694,0.164303051,0.176143931,-1.757838246,,,,0.068546939,-0.073025135,0.005336428,0,1.7735,186,147.37,11.25,3,25.82,-5083600000,,,,15549800000,1.32E+10,37399552147,433.6961365,375.4976501,0.436160531,0.341570863
2/1/08,-0.026627102,0.02106685,0.018355307,0,0,0,-0.014040792,0.760432934,,,,-0.062117072,-0.030771659,-0.063908396,0,1.7269,189.96,150.1,11.25,3,25.46,-2376400000,,,,14613280000,1.28E+10,35084180600,441.7079468,386.6062927,0.018304767,0.02915463
3/1/08,-0.011707621,-0.004114581,-0.005009194,0,-0.287682072,0.087011377,0.062425135,-0.680975271,,,,-0.100218024,-0.015748357,-0.308763573,0,1.7068,189.18,149.35,11.25,2.25,27.10,-4695300000,,,,13219760000,1.26E+10,25764221373,379.0443726,386.7429504,-0.152995634,0.000353418
4/1/08,-0.011016636,0.003535344,0.003942669,0.043485112,-0.117783036,0.080042708,-0.228693982,0.305466845,,,,0.073808376,0.105360516,0.212185654,0,1.6881,189.85,149.94,11.75,2,21.56,-3459400000,,,,14232400000,1.40E+10,31854301075,351.0188599,386.4907837,-0.076813322,-0.000652239
5/1/08,-0.016966773,0.024095043,0.02658751,0,0,0,-0.163938686,0.922932383,,,,0.241146398,0.315852949,0.56204677,0,1.6597,194.48,153.98,11.75,2,18.30,-1374600000,,,,18113680000,1.92E+10,55880706893,381.4757996,390.0774536,0.08320746,0.009237296
6/1/08,-0.025384242,0.022120858,0.023427791,0.041672696,0,0.050010421,0.189128935,-0.869680642,,,,-0.018817096,-0.031748698,-0.251777087,0,1.6181,198.83,157.63,12.25,2,22.11,-3280000000,,,,17776020000,1.86E+10,43442668263,393.1657104,407.7600098,0.030183764,0.044333472
7/1/08,-0.017141318,0.010058383,0.012357512,0.05942342,0,0.070617567,0.095269062,-0.089640033,,,,0.018786732,0.09237332,0.075650948,0,1.5906,200.84,159.59,13,2,24.32,-3587600000,,,,18113130000,2.04E+10,46856654901,388.2229004,406.9575195,-0.012651518,-0.001969985
8/1/08,0.013054119,0.009514442,0.01251612,0,0,0,-0.161165357,0.730923959,,,,0.007630999,-0.034916265,-0.081676566,0,1.6115,202.76,161.6,13,2,20.70,-1727300000,,,,18251880000,1.97E+10,43181686404,394.3490601,384.7002258,0.015656796,-0.056244409
9/1/08,0.109954354,-0.083538157,-0.08258823,0.056089467,0,0.065957968,0.379031851,-0.654037617,,,,-0.025559639,-0.030930301,0.031057377,1,1.7988,186.51,148.79,13.75,2,30.24,-3322100000,4761460000,3676610000,1084850000,17791280000,1.91E+10,44543839278,402.8095703,374.3401794,0.021227464,-0.027299442
10/1/08,0.188574666,-0.154186425,-0.148554432,0,-0.693147181,0.081678031,0.704654787,0.643556065,-0.253489896,-0.325279093,-0.042605705,-0.032127789,-0.03733767,-0.048701117,1,2.1721,159.86,128.25,13.75,1,"	61.18",-1745500000,3695310000,2655710000,1039600000,17228770000,1.84E+10,42426481855,410.6121216,345.7948914,0.019185106,-0.079319155
11/1/08,0.042101044,-0.015063468,-0.005316251,0,0,0,0.024062526,0.163783482,-0.003271648,-0.108066527,0.223189722,-0.110818021,-0.266175867,-0.270228567,1,2.2655,157.47,127.57,13.75,1,"	62.67",-1481800000,3683240000,2383680000,1299560000,15421500000,1.41E+10,32380104400,387.8448181,338.7128906,-0.057043719,-0.020692982
12/1/08,0.055003024,-0.065000091,-0.058261069,0,-2.079441542,0.066375069,-0.178785451,-0.850349328,-0.179957957,-0.066469054,-0.428978017,-0.153171359,-0.028778965,-0.078114548,1,2.3936,147.56,120.35,13.75,0.125,"	52.41",-3468100000,3076630000,2230390000,846240000,13231380000,1.37E+10,29947014118,404.9919739,371.0197449,0.043261943,0.091102464
1/1/09,-0.03700535,0.044015588,0.048176685,-0.075507553,0,-0.076227365,-0.159571439,-0.072184528,-0.25178026,-0.386523424,0.03508806,-0.121215149,-0.349055311,-0.004553606,1,2.306642857,154.2,126.29,12.75,0.125,44.68,-3727700000,2391820000,1515360000,876460000,11720930000,9663351384,29810957217,461.1216431,392.1434021,0.129794627,0.055372313
2/1/09,0.002276538,0.015955048,0.018359216,0,0,0,0.019723631,1.473498417,0.093163447,0.227279217,-0.192053168,0.001698081,-0.017901745,-0.00169627,1,2.3119,156.68,128.63,12.75,0.125,45.57,-854100000,2625360000,1902050000,723310000,11740850000,9491899751,29760432662,491.7853394,399.2793884,0.064380443,0.018033799
3/1/09,0.007602736,0.005791215,0.005272556,-0.125163143,0,-0.126484147,-0.017041466,-0.762132246,0.207824322,0.408791064,-0.672418142,0.009771663,0.200566321,0.195759046,1,2.32954375,157.59,129.31,11.25,0.125,44.80,-1830200000,3231810000,2862580000,369230000,11856140000,1.16E+10,36195644527,373.0535889,351.8058777,-0.27632024,-0.126581854
4/1/09,-0.054899574,0.031788357,0.034208261,-0.093090423,0,-0.094187215,-0.163044278,3.014595544,-0.297544448,0.363002999,-40.98977832,0.040546994,0.050430854,0.106812692,1,2.2051,162.68,133.81,10.25,0.125,38.06,-89800000,2400070000,4115360000,-1715290000,12346750000,1.22E+10,40275827978,322.5021057,343.3762512,-0.145612414,-0.024252751
5/1/09,-0.061946147,0.04765378,0.051487581,0,0,0,-0.174053154,-3.157047796,0.13452358,0.096465713,-0.040659443,-0.071834842,-0.024897552,-0.196676305,1,2.072647368,170.62,140.88,10.25,0.125,31.98,-2110400000,2745660000,4532130000,-1786470000,11490930000,1.19E+10,33084840333,314.6711426,367.5620422,-0.024581564,0.068065339
6/1/09,-0.05701748,0.048282084,0.04964159,-0.102654154,0,-0.103989714,-0.092998907,0.93320708,0.075188055,-0.433232275,38.18157685,0.149638455,0.183721137,0.213257086,1,1.95777619,179.06,148.05,9.25,0.125,29.14,-830000000,2960060000,2938677800,21382200,13345730000,1.43E+10,40949199738,359.2362671,410.9048462,0.132452196,0.111469543
7/1/09,-0.011106408,0.009061911,0.01215147,-0.055569851,0,-0.056352937,-0.107880274,-1.215591788,-0.34003933,-0.236526196,-36.05435557,-0.064195849,-0.01408474,0.07617232,1,1.936152632,180.69,149.86,8.75,0.125,26.16,-2799000000,2106800000,2319690000,-212890000,12515910000,1.41E+10,44190268171,480.2124939,449.1943359,0.290248404,0.089093944
8/1/09,-0.048915488,0.040722371,0.038614836,0,0,0,-0.031847352,0.957965328,0.154755341,0.333485239,-1.296542005,0.023889585,-0.021506205,-0.067378225,1,1.84372381,188.2,155.76,8.75,0.125,25.34,-1073900000,2459420000,3237880000,-778460000,12818510000,1.38E+10,41310898955,559.5178223,509.4555054,0.15284668,0.125886905
9/1/09,-0.012195626,0.004030125,0.004100467,0,0,0,-0.016312277,-0.924728817,0.007183156,-0.42749652,40.18987857,0.005598834,0,0.070240232,1,1.821375,188.96,156.4,8.75,0.125,24.93,-2707500000,2477150000,2111550000,365600000,12890480000,1.38E+10,44316922173,521.3847046,428.0047607,-0.070587215,-0.1742082
10/1/09,-0.047259526,0.035915821,0.037029646,0,0,0,-0.02765528,-0.19756338,0.046990204,0.14602144,-0.872409959,0.045570062,0.014388737,-0.062011075,1,1.7373,195.87,162.3,8.75,0.125,"	24.25",-3298900000,2596330000,2443530000,152800000,13491490000,1.40E+10,41652255462,591.2822876,456.3735046,0.125805382,0.064177245
11/1/09,-0.007582656,0.001173559,0.002768807,0,0,0,-0.019151293,-0.130590487,-0.043995278,0.408732353,-39.74413431,-0.010529997,-0.113328685,-0.155372134,1,1.724176471,196.1,162.75,8.75,0.125,"	23.79",-3759100000,2484580000,3677290000,-1192710000,13350170000,1.25E+10,35658351616,693.145813,511.2976379,0.158946838,0.113640319
12/1/09,0.013036014,-0.006394701,-0.005483517,0,0,0,-0.113379128,-0.508033829,0.152808938,0.131712504,-0.086282379,0.039582441,0.141499562,0.064916872,1,1.7468,194.85,161.86,8.75,0.125,"	21.24",-6247700000,2894790000,4194980000,-1300190000,13889200000,1.44E+10,38049968582,747.427124,536.7582397,0.075396422,0.048595905
1/1/10,0.014424885,-0.012809431,-0.007752698,0,0,0,-0.028655256,-0.285595129,0.140639146,-1.040894235,42.32450876,0.004444648,-0.251314428,-0.124762594,1,1.77218,192.37,160.61,8.75,0.125,20.64,-8312900000,3331930000,1481410000,1850520000,13951070000,1.12E+10,33586952229,911.7072754,617.3400269,0.198682161,0.139872181
2/1/10,0.041114022,-0.020640947,-0.018030958,0,0,0,0.088060568,0.306050369,-0.216303111,0.5397373,-2.564595999,0.066510796,0.077291674,0.073478648,1,1.84656,188.44,157.74,8.75,0.125,22.54,-6121200000,2683840000,2541442000,142398000,14910520000,1.21E+10,36147808081,901.0674438,620.5841064,-0.011738859,0.005241173
3/1/10,-0.033151234,0.030623703,0.031697188,0,0,0,-0.237779866,-0.344980019,0.176461424,0.364245054,-38.71308243,0.037897153,0.254065462,0.216049107,1,1.786347826,194.3,162.82,8.75,0.125,17.77,-8642900000,3201790000,3658220000,-456430000,15486430000,1.56E+10,44865333748,876.1190186,671.1893311,-0.028078162,0.078390118
4/1/10,-0.015725582,0.017397954,0.019462967,0.082238098,0,0.083381609,-0.019892671,0.246810559,-0.053557914,-0.309523176,39.61361744,-0.021420538,-0.03257617,-0.143487004,1,1.75847619,197.71,166.02,9.5,0.125,17.42,-6752600000,3034820000,2684390000,350430000,15158230000,1.51E+10,38868276977,966.3745728,807.0114746,0.098049568,0.184286627
5/1/10,0.02485948,-0.005782709,-0.002895406,0,0,0,0.605927035,0.217196898,0.100344364,0.416113315,-40.06182107,0.110542987,0.153204158,0.121586498,1,1.802738889,196.57,165.54,9.5,0.125,31.93,-5434300000,3355150000,4069690000,-714540000,16929990000,1.76E+10,43893441575,883.1044312,758.295166,-0.090108053,-0.062265176
6/1/10,0.002785922,0.011481879,0.01188989,0.075985907,0,0.076961041,-0.065018854,-0.279209129,-0.103430027,-0.044571725,-0.193180827,-0.067740849,-0.034685558,-0.029606985,1,1.807768182,198.84,167.52,10.25,0.125,29.92,-7184600000,3025470000,3892280000,-866810000,15821120000,1.70E+10,42612938557,850.4203491,685.3067627,-0.037712707,-0.101206144
7/1/10,-0.020817595,0.003915078,0.002980273,0.047628049,0,0.048202102,-0.157107364,-0.312440542,-0.086639153,0.107620387,-0.587723852,0.018712499,0.034685558,0.027611678,1,1.77052381,199.62,168.02,10.75,0.125,25.57,-9819600000,2774380000,4334540000,-1560160000,16119960000,1.76E+10,43805947991,736.9816284,620.3433228,-0.143167791,-0.099593496
8/1/10,-0.006448763,-0.002156416,-0.004892319,0,0,0,-0.0325943,0.478948152,0.158246159,-0.315319043,39.45828454,0.070884634,0.081789433,0.123139863,1,1.759142857,199.19,167.2,10.75,0.125,24.75,-6082600000,3250060000,3162290000,87770000,17304090000,1.91E+10,49546393342,906.7172852,700.80896,0.207267734,0.121962254
9/1/10,-0.02204568,0.015195968,0.016137037,0,0,0,-0.094421686,-0.277665115,-0.214758956,0.230866892,-39.32213461,0.012862418,-0.021164811,-0.057753311,1,1.720785714,202.24,169.92,10.75,0.125,22.52,-8029300000,2621940000,3983510000,-1361570000,17528100000,1.87E+10,46765986700,880.4215698,686.8131104,-0.029429849,-0.020173107
10/1/10,-0.025732423,-0.002178003,0.001411433,0,0,0,-0.100340573,0.135916581,0.262281527,-0.129520379,2.701804907,0.025336806,-0.032611586,0.011154717,1,1.677070588,201.8,170.16,10.75,0.125,"	20.37",-7008900000,3408240000,3499580000,-91340000,17977880000,1.81E+10,47290568374,1018.758484,730.2175293,0.145939143,0.061280257
11/1/10,0.020716777,-0.012616419,-0.007550767,0,0,0,-0.013343415,-0.191543317,0.055690141,-0.021856138,37.33582693,0.014962143,-0.028013036,-0.134098733,1,1.712176471,199.27,168.88,10.75,0.125,"	20.10",-8488600000,3603430000,3423922500,179507500,18248890000,1.76E+10,41355777886,1103.177368,786.6155396,0.079609819,0.07439714
12/1/10,-0.008932829,0.020415461,0.022541278,0,0,0,-0.134526913,0.561747384,-0.079627904,0.259403954,-39.83364075,0.095769928,0.167054085,0.209652753,1,1.69695,203.38,172.73,10.75,0.125,"	17.57",-4840300000,3327623100,4437942100,-1110319000,20083010000,2.08E+10,51002002450,1162.88916,826.3016357,0.052713031,0.049220268
1/1/11,-0.013987618,0.004121694,0.009105642,0.045462374,0,0.045985113,-0.014330999,-0.753816767,0.048126191,-0.898644523,42.07288828,-0.062853707,-0.326902786,-0.334575281,1,1.673378947,204.22,174.31,11.25,0.125,17.32,-10286100000,3491685100,1806780000,1684905100,18859570000,1.50E+10,36499173423,1290.246338,879.0618286,0.103925596,0.061895352
2/1/11,-0.00331111,-0.002058723,-0.000459058,0,0,0,0.006330956,0.681173767,-0.037827601,0.360991542,-0.78334677,0.084825837,0.101352494,0.021276809,1,1.667847368,203.8,174.23,11.25,0.125,17.43,-5205000000,3362070000,2592280000,769790000,20529160000,1.66E+10,37284079921,1320.883545,913.253418,0.023467705,0.038158173
3/1/11,-0.005565164,-0.002407213,-0.000574119,0.043485112,0,0.043963123,0.172906558,-0.259078002,0.241005891,0.71365467,-41.19845183,-0.08206818,0.145507584,0.106611735,1,1.658591304,203.31,174.13,11.75,0.125,20.72,-6744300000,4278330000,5291980000,-1013650000,18911650000,1.92E+10,41478621880,1047.796631,839.3051758,-0.231611352,-0.08443903
4/1/11,-0.040773418,0.033184819,0.036260986,0.021053409,0,0.021277398,-0.243622083,0.088059275,0.215925505,-0.135271926,41.08469748,0.087975441,0.045809536,0.016585581,1,1.592325,210.17,180.56,12,0.125,16.24,-6175800000,5309450000,4622430000,687020000,20650790000,2.01E+10,42172305592,985.5466919,883.7271118,-0.061248287,0.05157394
5/1/11,0.012451751,-0.017519467,-0.015347568,0,0,0,0.040427828,-0.076306541,-0.081359781,0.398200892,-41.75871147,0.039577704,0.139112802,0.108034329,1,1.61227619,206.52,177.81,12,0.125,16.91,-6665500000,4894580000,6883460000,-1988880000,21484490000,2.31E+10,46983574819,972.2179565,871.4904785,-0.01361649,-0.013943378
6/1/11,-0.015721328,0.01413553,0.014682748,0.020619287,0,0.020834087,0.124397553,0.075529615,-0.083733124,-0.630293097,41.95549209,-0.026077989,-0.026317308,-0.042807976,1,1.587127273,209.46,180.44,12.25,0.125,19.15,-6180600000,4501431000,3665000000,836431000,20931460000,2.25E+10,45014744535,967.3393555,846.4627075,-0.005030644,-0.029138794
7/1/11,-0.01492199,0.013467578,0.013759918,0.020202707,0,0.020408872,0.004168844,-0.352313117,0.046289941,0.169368541,-0.806761643,0.002635613,-0.01342302,0.036734429,1,1.56362,212.3,182.94,12.5,0.125,19.23,-8791000000,4714700000,4341400000,373300000,20986700000,2.22E+10,46699082655,1027.176758,855.9320679,0.060019936,0.011124867
8/1/11,0.020287068,-0.018589045,-0.018092054,0,0,0,0.599733278,0.36247688,0.164016736,0.019789529,1.104799021,0.09492718,0.161843025,0.158751875,1,1.595665217,208.39,179.66,12.5,0.125,35.03,-6118100000,5555020000,4428170000,1126850000,23076530000,2.61E+10,54733524253,1061.888306,873.1393433,0.033234717,0.019904144
9/1/11,0.085556642,-0.065028108,-0.0639524,-0.040821995,0,-0.041242959,0.041929004,0.071627876,-0.051818135,0.090369424,-0.969180336,-0.059163246,-0.117783036,-0.111420021,1,1.738195238,195.27,168.53,12,0.125,36.53,-5695200000,5274500000,4846980000,427520000,21750850000,2.32E+10,48962582075,1097.658447,868.776001,0.033130483,-0.005009832
10/1/11,0.023644771,-0.013196748,-0.011097966,-0.042559614,0,-0.043017385,-0.106791109,-0.054532879,-0.450261599,0.178957111,-41.4865394,0.00745598,-0.04857467,-0.09370338,1,1.779784211,192.71,166.67,11.5,0.125,"	32.83",-6014400000,3362290000,5796840000,-2434550000,21913630000,2.21E+10,44583016714,980.2384033,748.635376,-0.113138695,-0.148833275
11/1/11,-0.003245295,-0.001038368,0.002935628,0,0,0,-0.027483589,-0.346050736,0.007015181,-0.659124076,41.38755716,0.026638465,-0.018265348,0.085338435,1,1.774017647,192.51,167.16,11.5,0.125,"	31.94",-8501200000,3385960000,2998730000,387230000,22505220000,2.17E+10,48554721021,900.0574341,685.0947876,-0.085337234,-0.088694846
12/1/11,0.03167915,-0.016815042,-0.014340187,-0.044451763,0,-0.044951388,-0.242985315,0.166265202,0.067965752,0.061584372,0.116051299,-0.029728528,0.013730193,0.051488778,1,1.831116667,189.3,164.78,11,0.125,"	25.05",-7199000000,3624090000,3189210000,434880000,21846020000,2.20E+10,51120224827,924.3181763,685.4175415,0.026597782,0.000470997
1/1/12,-0.021780626,0.026739143,0.029067294,-0.046520016,0,-0.047067511,-0.213707176,-0.544028501,-0.038822458,0.411088075,-40.89503255,-0.112593005,-0.324723344,-0.469193712,1,1.791665,194.43,169.64,10.5,0.125,20.23,-12403400000,3486090000,4810790000,-1324700000,19519730000,1.59E+10,31976027958,901.145813,707.3411255,-0.02538928,0.031484844
2/1/12,-0.041024573,0.027444845,0.028246197,0,0,0,-0.09372962,0.834334748,-0.02048322,-0.263913234,1.556046343,0.049192777,0.118481604,0.162620886,1,1.71965,199.84,174.5,10.5,0.125,18.42,-5385100000,3415410000,3694880000,-279470000,20503970000,1.79E+10,37622692112,913.8598022,712.9559937,0.014010091,0.007906652
3/1/12,0.040193868,-0.038928522,-0.042913483,-0.074107972,0,-0.075035186,-0.130279357,-0.242989507,0.539865711,-0.158806216,41.16778938,0.019859076,0.145332987,0.191408591,1,1.790177273,192.21,167.17,9.75,0.125,16.17,-6866300000,5860080000,3152330000,2707750000,20915230000,2.07E+10,45559354634,824.9230347,738.2272949,-0.10238708,0.034832066
4/1/12,0.033053727,-0.031015562,-0.02784107,-0.080042708,0,-0.081125545,0.097163748,-0.000975304,-0.041840488,0.597674885,-40.24108574,-0.049091258,-0.059719235,-0.060829311,1,1.850338095,186.34,162.58,9,0.125,17.82,-6873000000,5619950000,5730580000,-110630000,19913270000,1.95E+10,42870616532,819.0296631,755.2660522,-0.007169789,0.022818309
5/1/12,0.06519772,-0.053119583,-0.049617792,-0.057158414,0,-0.057987258,0.164201016,-0.002209111,-0.202575649,-0.466438055,39.23993928,0.050937011,0.169418152,0.125060233,1,1.974995455,176.7,154.71,8.5,0.125,21.00,-6888200000,4589390000,3594405800,994984200,20953870000,2.31E+10,48581698960,670.8862305,704.447876,-0.199520731,-0.069655733
6/1/12,0.036185997,-0.021682151,-0.020043106,0,0,0,0.006171394,-0.117353868,-0.300689591,-0.309877106,-0.268185488,-0.135736005,-0.184922338,-0.121594215,1,2.047771429,172.91,151.64,8.5,0.125,21.13,-7745900000,3397560000,2636630000,760930000,18294260000,1.92E+10,43019464688,733.6434937,695.0267944,0.089423637,-0.013463943
7/1/12,-0.009072921,0.01264312,0.01700054,-0.060624622,0,-0.061557893,-0.184500929,-0.110441892,0.200503717,0.20122359,0.198005332,0.049357811,0.080042708,0.092475385,1,2.02927619,175.11,154.24,8,0.125,17.57,-8650400000,4151880000,3224330000,927550000,19219880000,2.08E+10,47187454614,692.0667725,691.5683594,-0.058340764,-0.004988395
8/1/12,0.000354478,-0.005210283,-0.00598259,-0.064538521,0,-0.065597282,-0.113169335,0.571845777,0.039455704,-0.039481142,0.273616715,0.027922507,0.065139302,0.029526502,1,2.029995652,174.2,153.32,7.5,0.125,15.69,-4883000000,4318970000,3099510000,1219460000,19764110000,2.22E+10,48601508368,615.3435059,613.1906738,-0.117501785,-0.120286065
9/1/12,-0.000750021,-0.010502722,-0.010095137,0,0,0,-0.026478783,-0.129838323,-0.179347957,-0.255329563,-0.008788279,-0.00141518,-0.109372557,-0.049149638,1,2.028473684,172.38,151.78,7.5,0.125,15.28,-5560000000,3609860000,2401070000,1208790000,19736160000,1.99E+10,46270514820,591.9432373,576.927002,-0.038769911,-0.060960192
10/1/12,0.001055072,-0.004360345,-0.000263574,-0.033901552,0,-0.034486176,0.063392577,-0.359521608,-0.028124181,-0.009528525,-0.066119863,0.013357784,0.06328145,0.135080755,1,2.030615,171.63,151.74,7.25,0.125,"	16.28",-7965500000,3509750000,2378300000,1131450000,20001560000,2.12E+10,52962583072,719.5756226,625.7633057,0.195250878,0.081256448
11/1/12,0.014590556,-0.012665077,-0.006545694,0,0,0,0.025471359,-0.214846088,-0.110344781,0.164521926,-1.203899153,0.023802579,-0.073382546,-0.038824911,1,2.06046,169.47,150.75,7.25,0.125,"	16.70",-9874600000,3143070000,2803610000,339460000,20483360000,1.97E+10,50945721080,779.1602783,644.8707886,0.079555148,0.030077775
12/1/12,0.011074582,-0.010499251,-0.005854584,0,0,0,0.03587565,0.029985543,-0.230278234,-0.041965371,-38.71488254,-0.017862222,0,-0.012066026,1,2.083405556,167.7,149.87,7.25,0.125,"	17.31",-9582900000,2496580000,2688390000,-191810000,20120730000,1.97E+10,50334702404,866.8850708,679.0181885,0.106689635,0.051597945
1/1/13,-0.024705299,0.022289973,0.029454499,0,0,0,-0.247854217,-0.363412156,-0.014806137,-0.128048715,37.43732977,-0.069005013,-0.220608696,-0.236280602,1,2.032565,171.48,154.35,7.25,0.125,13.51,-13782400000,2459887600,2365273800,94613800,18779120000,1.58E+10,39742221890,998.8674927,765.8776855,0.141715722,0.120374563
2/1/13,-0.029433922,0.033602152,0.033322613,0,0,0,0.040614719,0.73685321,0.162178368,0.114889255,0.92981839,0.017681715,-0.019169916,-0.108501129,1,1.973610526,177.34,159.58,7.25,0.125,14.07,-6596500000,2893000000,2653244000,239756000,19114120000,1.55E+10,35655842473,959.5166016,785.1305542,-0.040192512,0.024827537
3/1/13,0.004005451,0.006295693,0.008610523,0,0,0,-0.07679048,-0.080097514,0.28135376,0.460766719,-39.03264612,-0.010022793,0.171510641,0.112295332,1,1.981531579,178.46,160.96,7.25,0.125,13.03,-7146600000,3833000000,4206158500,-373158500,18923500000,1.84E+10,39893298406,753.6777954,724.3688354,-0.241464668,-0.080549311
4/1/13,0.010833042,-0.009571606,-0.005232353,0.033901552,0,0.034486176,0.069657782,-0.048199633,-0.095300409,0.671702621,-2.543740746,0.073344948,0.112940411,0.083527776,1,2.003114286,176.76,160.12,7.5,0.125,13.97,-7499500000,3484579500,8233839100,-4749259600,20363610000,2.06E+10,43368619498,650.6072388,707.4627075,-0.147058809,-0.023615786
5/1/13,0.012954194,-0.012467073,-0.009538225,0.064538521,0,0.065597282,-0.034963503,0.060575453,0.323803951,0.622277057,-0.795670296,-0.039387947,0.052021185,0.111884446,1,2.029231818,174.57,158.6,8,0.125,13.49,-7058700000,4817000000,15341007000,-10524007000,19577120000,2.17E+10,48502753660,595.8136597,658.8459473,-0.087978174,-0.071195178
6/1/13,0.065360772,-0.060692648,-0.060226687,0,0,0,0.247022222,0.505578765,-0.311136783,-1.385381344,3.525632642,-0.036007349,-0.117207165,-0.072069237,1,2.166294444,164.29,149.33,8,0.125,17.27,-4257500000,3529000000,3838755000,-309755000,18884740000,1.93E+10,45130186030,577.7521973,624.8800659,-0.030782914,-0.052930003
7/1/13,0.036330888,-0.030655636,-0.031357781,0.060624622,0,0.061557893,-0.212058719,-1.066519293,-0.123445969,-0.059658034,-0.473340816,-0.031769572,0.055429805,0.09183427,1,2.246445,159.33,144.72,8.5,0.125,13.97,-12369100000,3119175100,3616439800,-497264700,18294210000,2.04E+10,49470948858,678.7212524,672.8641968,0.161065464,0.073983785
8/1/13,0.040141294,-0.040735699,-0.041262597,0.057158414,0,0.057987258,0.017033769,0.729426496,0.005357173,0.204134506,-0.96061245,0.061463462,0.038466281,0.08650303,1,2.338454545,152.97,138.87,9,0.125,14.21,-5964200000,3135929900,4435430000,-1299500100,19453910000,2.12E+10,53940880179,721.9605103,700.5270996,0.061759926,0.04028953
9/1/13,-0.028594312,0.030579485,0.029166517,0,0,0,0.033221048,0.178318981,-0.101236608,-0.225322714,0.609241891,0.032099932,-0.023867481,-0.061498655,1,2.272535,157.72,142.98,9,0.125,14.69,-4990100000,2834000000,3540620000,-706620000,20088510000,2.07E+10,50723533816,744.8479004,687.8855591,0.031209595,-0.018210566
10/1/13,-0.034904192,0.029918229,0.034912837,0.054067221,0,0.054808236,0.047849659,-0.420350134,-0.038487037,0.338127557,-1.152880594,-0.027335396,-0.004842624,0.041302597,1,2.194582353,162.51,148.06,9.5,0.125,"	15.41",-7597400000,2727000000,4965080000,-2238080000,19546820000,2.06E+10,52862414090,832.6583862,674.4762573,0.111443421,-0.019686011
11/1/13,0.042031307,-0.037555741,-0.033305513,0.051293294,0,0.051959739,-0.176240151,0.218566944,-0.126484147,-0.087069237,0.041053246,0.034765224,-0.086129154,-0.068812008,1,2.288789474,156.52,143.21,10,0.125,"	12.92",-6105800000,2403000000,4551060000,-2148060000,20238320000,1.89E+10,49347177442,887.6053467,689.5023193,0.063903757,0.022033586
12/1/13,0.024652791,-0.019092427,-0.013002256,0,0,0,0.093760993,0.196526594,0.229531759,0.03497084,0.239818829,-0.037610651,0.031252544,-0.000662527,1,2.345915789,153.56,141.36,10,0.125,"	14.19",-5016400000,3023000000,4713030000,-1690030000,19491280000,1.95E+10,49314494441,940.3439941,689.9672241,0.057718545,0.000674034
1/1/14,0.01508198,-0.001172868,0.000495067,0.048790164,0,0.049392755,0.003517415,-1.035283288,-0.175406073,0.295395672,-0.80921522,-0.038799567,-0.216753753,-0.195658787,1,2.381565,153.38,141.43,10.5,0.125,14.24,-14125700000,2536648300,6332700000,-3796051700,18749510000,1.57E+10,40550951913,869.508667,655.4915161,-0.078317458,-0.051258735
2/1/14,0.002744644,0.009667553,0.009780201,0.023530497,0,0.023810649,0.082847759,0.461349228,0.297793101,-0.318909802,1.162590263,0.040958714,0.006349228,-0.07639869,1,2.388110526,154.87,142.82,10.75,0.125,15.47,-8905300000,3416568700,4603500000,-1186931300,19533410000,1.58E+10,37568298342,699.1575928,633.788147,-0.21805213,-0.033670615
3/1/14,-0.025409302,0.024177493,0.028098911,0,0,0,-0.041576427,0.070511579,-0.011847274,0.008629973,-0.065335517,-0.087401042,0.102190941,0.117264141,1,2.328194737,158.66,146.89,10.75,0.125,14.84,-8299000000,3376330500,4643400000,-1267069500,17898650000,1.75E+10,42242410602,554.2614136,601.0547485,-0.23223973,-0.053028719
4/1/14,-0.040945699,0.040695931,0.04401656,0.022989518,0,0.023256862,-0.044084273,-0.075898323,0.056807807,0.415578758,-1.005201803,0.076107519,0.113328685,0.080678911,1,2.234790476,165.25,153.5,11,0.125,14.20,-8953400000,3573685000,7035900000,-3462215000,19314050000,1.96E+10,45791735071,531.2201538,617.4494019,-0.042459904,0.026911099
5/1/14,-0.006513734,0.005070331,0.006881803,0,0,0,-0.129114602,0.181232062,0.112111563,-0.230601043,0.778651762,-0.013269769,0.04489532,0.120133592,1,2.220280952,166.09,154.56,11,0.125,12.48,-7469300000,3997658600,5586900000,-1589241400,19059450000,2.05E+10,51636934945,511.7350159,559.6716309,-0.037369594,-0.098246887
6/1/14,0.006544843,-0.002713051,-0.000453001,0,0,0,-0.078308102,0.320447202,-0.093595496,-0.322226344,1.361147843,0.008193754,-0.009804,-0.018526632,1,2.23486,165.64,154.49,11,0.125,11.54,-5421400000,3640472000,4047900000,-407428000,19216260000,2.03E+10,50689083807,482.5757141,524.046875,-0.058669115,-0.065769102
7/1/14,-0.005977528,0.004998354,0.004327473,0,0,0,0.063780001,-0.716627059,0.044003232,0.536752081,-2.03555054,0.02488519,0.075865751,0.072808809,1,2.221540909,166.47,155.16,11,0.125,12.30,-11100400000,3804241300,6923700000,-3119458700,19700460000,2.19E+10,54517371122,508.5253906,523.2298584,0.052377318,-0.001560269
8/1/14,0.021293438,-0.01220854,-0.011733952,0,0,0,0.092349408,0.502309743,-0.238195593,-0.661964633,1.693529205,-0.079707323,-0.131576358,-0.097453791,1,2.269352381,164.45,153.35,11,0.125,13.49,-6717200000,2997926800,3571500000,-573573200,18191140000,1.92E+10,49455120196,508.1437683,507.0669556,-0.000750731,-0.03137781
9/1/14,0.025189748,-0.01408474,-0.012137266,0,0,0,-0.00148368,-0.264016518,-0.030930502,0.628987513,-1.888890187,0.006886739,0.010362787,0.073640007,1,2.327242857,162.15,151.5,11,0.125,13.47,-8746800000,2906618800,6699100000,-3792481200,18316850000,1.94E+10,53234442514,505.5340271,453.1721802,-0.005149066,-0.112370915
10/1/14,0.051574806,-0.038601725,-0.035541681,0.022472856,0,0.022728251,0.293234558,-0.138974264,0.109713135,-0.327830903,0.873739251,-0.058926945,-0.063851472,-0.038792847,1,2.450419048,156.01,146.21,11.25,0.125,"	18.06",-10050900000,3243664200,4826600000,-1582935800,17268680000,1.82E+10,51208869817,526.4467163,435.3584595,0.040534773,-0.040102405
11/1/14,0.038408457,-0.029928719,-0.024229345,0,0,0,-0.297698851,-0.046195704,-0.189975596,-0.401257753,1.059198932,-0.010426705,-0.16058157,-0.185016438,1,2.546366667,151.41,142.71,11.25,0.125,"	13.41",-10526100000,2682443200,3231300000,-548856800,17089560000,1.55E+10,42559211484,481.8154602,411.2702637,-0.088588945,-0.056919162
12/1/14,0.033342429,-0.018733257,-0.011558378,0.043485112,0,0.043963123,0.194550725,0.033629359,0.08256012,0.423143872,-1.303062298,-0.014884154,0.109866478,0.291122916,1,2.6327,148.6,141.07,11.75,0.125,"	16.29",-10178000000,2913304900,4933400000,-2020095100,16837080000,1.73E+10,56941204399,460.2821045,384.1141052,-0.045721606,-0.068310917
1/1/15,0.000317814,0.018931375,0.034213405,0.041672696,0,0.042111485,0.160183485,-0.228990055,0.2200553,-0.478103806,41.59088898,-0.021655757,-0.248016816,-0.300937803,1,2.633536842,151.44,145.98,12.25,0.125,19.12,-12797100000,3630402200,3058500000,571902200,16476380000,1.35E+10,42143540870,432.9392395,380.5929871,-0.061242178,-0.009209129
2/1/15,0.062881673,-0.057065195,-0.051300505,0,0,0,-0.184415798,0.449876379,-0.511621729,-0.220857463,-39.59999897,-0.106470599,-0.117783036,-0.076942677,1,2.804455556,143.04,138.68,12.25,0.125,15.90,-8160800000,2176507900,2452400000,-275892100,14812290000,1.20E+10,39022513728,419.5452271,359.8005981,-0.031426062,-0.056180545
3/1/15,0.104260212,-0.09274775,-0.084209631,0.040005335,0,0.040409538,-0.071016481,0.218244899,0.155143816,0.18255049,-0.375873671,0.113380234,0.33050207,0.288952599,1,3.112635,130.37,127.48,12.75,0.125,14.81,-6560700000,2541782300,2943553800,-401771500,16590620000,1.67E+10,52096165841,315.8691406,335.062561,-0.283843316,-0.07123272
4/1/15,-0.017718932,0.025072323,0.02960145,0.038466281,0,0.038839833,-0.093353958,0.030063144,0.473995629,0.423521908,-0.026746791,-0.119454427,-0.107358518,-0.065236487,1,3.057968182,133.68,131.31,13.25,0.125,13.49,-6366400000,4083119000,4495781600,-412662600,14722590000,1.50E+10,48806078612,279.6199341,310.5798645,-0.121896713,-0.075876183
5/1/15,-0.002026021,-0.010150082,-0.005728049,0,0,0,-0.01118163,0.411175336,-0.149431296,-0.044974474,-0.638832153,0.073228567,0.101352494,0.071739527,1,3.051778947,132.33,130.56,13.25,0.125,13.34,-4220100000,3516372300,4298065600,-781693300,15841160000,1.66E+10,52436053239,290.0841675,344.0511169,0.036739811,0.102349161
6/1/15,0.02066643,-0.014308791,-0.008460938,0.037041272,0,0.037387532,0.072285795,0.07468596,-0.027062791,0.182569231,-0.798147534,0.084176235,0.119120828,0.120027875,1,3.115504545,130.45,129.46,13.75,0.125,14.34,-3916400000,3422485600,5158956300,-1736470700,17232340000,1.87E+10,59123132953,301.38797,350.0863342,0.038227258,0.017389551
7/1/15,0.031342929,-0.021619532,-0.016432752,0.035718083,0,0.036039936,0.000697107,-0.519424033,-0.088156836,-0.140872412,0.253690379,-0.043454743,-0.021622464,0.036720904,1,3.2147,127.66,127.35,14.25,0.125,14.35,-6583700000,3133686900,4481070100,-1347383200,16499550000,1.83E+10,61334541816,276.4240723,313.578949,-0.086462191,-0.110128634
8/1/15,0.085677697,-0.075217301,-0.075407478,0,0,0,0.303068321,0.789490748,-0.314275463,-0.441441333,0.820340303,-0.125017291,-0.179048231,-0.199294693,1,3.502271429,118.41,118.1,14.25,0.125,19.43,-2989500000,2288587400,2881815700,-593228300,14560550000,1.53E+10,50251906150,296.1915588,326.4862671,0.069070223,0.040336728
9/1/15,0.105234875,-0.09936365,-0.095809881,0,0,0,0.226944861,-0.004172584,0.159657796,0.018221555,0.863938812,0.008222657,0.012987196,0.154477835,1,3.89092381,107.21,107.31,14.25,0.125,24.38,-3002000000,2684763300,2934808200,-250044900,14680770000,1.55E+10,58646407173,321.1644592,320.9141235,0.080946923,-0.017214327
10/1/15,-0.001377779,-0.00186724,0.004926805,0,0,0,-0.372979653,-0.515942424,-0.1672322,0.131150607,-1.458223785,0.050584327,0.019169916,-0.002846106,1,3.885566667,107.01,107.84,14.25,0.125,"	16.79",-5029000000,2271318200,3346090700,-1074772500,15442490000,1.58E+10,58479730576,299.0203552,309.0813904,-0.071441677,-0.037568918
11/1/15,-0.026265513,0.042625805,0.051946827,0,0,0,-0.035155135,0.263544121,0.039475773,-0.062370661,0.31929631,-0.054005525,-0.149940147,-0.176227214,1,3.784838889,111.67,113.59,14.25,0.125,"	16.21",-3863900000,2362773500,3143767900,-780994400,14630630000,1.36E+10,49031011908,275.4253235,279.9344177,-0.082195115,-0.099049288
12/1/15,0.021908163,-0.008453288,-0.002909414,0,1.098612289,-0.017857617,0.106408701,40.28243041,0.118847625,0.968967799,-1.974155397,0.046621355,0.14359092,0.276662796,1,3.868672727,110.73,113.26,14.25,0.375,"	18.03",80800000,2660951500,8284529400,-5623577900,15328880000,1.57E+10,64658255326,255.728714,253.5404663,-0.074199362,-0.099031913
1/1/16,0.04474961,-0.01428011,-0.003360753,0,0,0,0.274281537,-40.72975323,-0.278659487,-0.685592019,0.956916776,-0.104237052,-0.35576544,-0.359237999,1,4.045726316,109.16,112.88,14.25,0.375,23.72,-6043600000,2013801600,4173678700,-2159877100,13811500000,1.10E+10,45144921379,256.0538635,257.3179321,0.001270655,0.01478897
2/1/16,-0.019270384,0.022016744,0.023378029,0,0,0,-0.051914771,1.218405666,-0.008220851,-0.256558167,0.561491518,0.077860316,0.174716957,0.161572665,1,3.96851,111.59,115.55,14.25,0.375,22.52,-1787100000,1997314300,3229216900,-1231902600,14929840000,1.31E+10,53061438312,263.6636047,274.1000366,0.029286239,0.063180727
3/1/16,-0.064280253,0.058392331,0.057509331,0,0,0,-0.351234303,-0.109999729,0.394540882,-0.10211214,38.6116301,0.016205725,0.18739771,0.079218472,1,3.72143913,118.3,122.39,14.25,0.375,15.85,-1994900000,2963420900,2915751300,47669600,15173760000,1.58E+10,57435864660,274.8883362,318.1640015,0.041690899,0.149073841
4/1/16,-0.041643572,0.024795694,0.026287597,0,0,0,-0.102909963,0.572188859,-0.030779477,0.39854326,-38.78823752,-0.002212181,-0.045315196,-0.042948624,1,3.569647619,121.27,125.65,14.25,0.375,14.30,-1125700000,2873597800,4343457900,-1469860100,15140230000,1.51E+10,55021295650,288.0028992,342.5089722,0.046605582,0.073730876
5/1/16,-0.011146081,0.011315306,0.014145402,0,0,0,0.037740328,41.38998794,0.265436775,0.053947859,0.563049212,0.016109715,0.094707952,0.083937154,1,3.530080952,122.65,127.44,14.25,0.375,14.85,839500000,3747172700,4584213900,-837041200,15386110000,1.66E+10,59838990190,289.9868774,330.2228394,0.006865125,-0.036530156
6/1/16,-0.02544508,0.031697739,0.030904808,0,0,0,0.179511777,-42.42865273,-0.30003466,-0.036264397,-0.675665409,-0.008894832,0,-0.096141893,1,3.441390909,126.6,131.44,14.25,0.375,17.77,-3180600000,2775877600,4420948400,-1645070800,15249860000,1.66E+10,54353856383,289.1094055,323.9003601,-0.003030489,-0.019331759
7/1/16,-0.049315136,0.057031146,0.060875208,0,0,0,-0.300329716,-0.326736802,-0.272537486,-0.112973733,-0.109260459,-0.055834919,-0.094707952,-0.013590202,1,3.275795,134.03,139.69,14.25,0.375,13.16,-4409700000,2113677800,3948676700,-1834998900,14421720000,1.51E+10,53620173215,311.4875488,336.1491394,0.074554183,0.037118991
8/1/16,-0.020583612,0.013414067,0.017105353,0,0,0,-0.059485453,1.092643336,0.024460765,-0.298922706,0.878344597,0.055173055,0.112618878,0.089274511,1,3.209056522,135.84,142.1,14.25,0.375,12.40,-1478700000,2166017500,2928404700,-762387200,15239770000,1.69E+10,58627265778,345.0369568,346.0367126,0.102292167,0.028989947
9/1/16,0.01445227,-0.008353403,-0.011821891,0,0,0,0.136952952,-0.205472957,0.114961728,-0.019557689,0.54563394,-0.020125348,-0.07365291,-0.011774182,1,3.255771429,134.71,140.43,14.25,0.375,14.22,-1816000000,2429904500,2871688300,-441783800,14936130000,1.57E+10,57941025589,360.6705017,330.3117676,0.044313271,-0.046507917
10/1/16,-0.021900036,0.027962589,0.026700104,-0.017699577,0,-0.018182319,0.025686938,-0.700252932,-0.140986252,0.681071431,-2.087835841,-0.084471595,-0.14359092,-0.192755224,1,3.185245,138.53,144.23,14,0.375,"	14.59",-3657900000,2110375100,5674438100,-3564063000,13726270000,1.36E+10,47783025855,388.9746399,337.6230774,0.075549345,0.021893159
11/1/16,0.04786965,-0.029820152,-0.02919556,0,0,0,0.043587188,1.426428583,0.159176288,-0.313361986,0.756030793,0.082699151,0.043172172,0.036438624,1,3.34143,134.46,140.08,14,0.375,"	15.24",-878500000,2474509000,4147930600,-1673421600,14909680000,1.42E+10,49556284913,522.9763184,400.2168274,0.296022034,0.170076351
12/1/16,0.003059328,0.011020414,0.010933726,-0.018018506,0.510825624,-0.037387532,-0.200597791,-1.738096895,-0.083284748,0.930624826,-1.594466084,0.062954697,0.106767975,0.057852123,1,3.351668182,135.95,141.62,13.75,0.625,"	12.47",-4995600000,2276768800,10519539000,-8242770200,15878490000,1.58E+10,52507772993,559.9818115,424.3425293,0.068368121,0.058534512
1/1/17,-0.047562425,0.04543949,0.045685168,-0.056089467,0,-0.0588405,-0.071458964,-0.336409322,-0.206427288,-0.693357079,0.883637191,0.127075002,-0.065382759,-0.039106618,1,3.195986364,142.27,148.24,13,0.625,11.61,-6993400000,1852118200,5258665600,-3406547400,18030060000,1.48E+10,50494004049,521.9274292,431.9273987,-0.07037575,0.017716534
2/1/17,-0.029336613,0.02004103,0.018447255,-0.05942342,0,-0.062520357,-0.006914461,2.562821042,0.211341342,-0.210901992,0.547278051,0.03911712,0.033225648,-0.071579631,1,3.103588889,145.15,151,12.25,0.625,11.53,-539100000,2287984500,4258748400,-1970763900,18749320000,1.53E+10,47005986505,492.6506042,465.6946716,-0.057728344,0.075272693
3/1/17,0.007620596,-0.00997031,-0.010518704,0,0.336472237,-0.021739987,0.031586066,1.467203078,0.265749805,0.185977331,-0.084600969,0.008242504,0.262866903,0.278594192,1,3.127330435,143.71,149.42,12.25,0.875,11.90,-124300000,2984466800,5129215100,-2144748300,18904500000,1.99E+10,62107649300,436.7682495,454.1754456,-0.120397476,-0.025046641
4/1/17,0.00263194,-0.007753872,-0.010765815,-0.085157808,0,-0.092018899,0.099122613,-2.138977115,-0.188665366,-0.223563167,0.274244416,-0.05262023,-0.128518851,-0.235710521,1,3.135572222,142.6,147.82,11.25,0.875,13.14,-1055400000,2471328200,4101650600,-1630322400,17935460000,1.75E+10,49065622549,307.2805176,381.8396606,-0.351641665,-0.173482783
5/1/17,0.023055603,-0.026289258,-0.024447412,0,0,0,-0.190574699,41.89195292,0.096991291,-0.112235111,0.547296914,-0.007206653,0.118417755,0.264267627,1,3.208704545,138.9,144.25,11.25,0.875,10.86,1479200000,2723034900,3666195100,-943160200,17806670000,1.97E+10,63906831504,297.7619934,345.9795837,-0.031466581,-0.098621017
6/1/17,0.026468064,-0.032933822,-0.036642411,-0.093090423,0.251314428,-0.128381167,-0.03275913,-41.25660615,-0.105551501,0.171430774,-0.701171326,0.007488736,-0.01020417,0.002528596,1,3.294766667,134.4,139.06,10.25,1.125,10.51,-559100000,2450263400,4351780800,-1901517400,17940520000,1.95E+10,64068630530,286.0349426,327.3770752,-0.040180507,-0.055267125
7/1/17,-0.027455382,0.023094356,0.024296144,-0.102654154,0,-0.116072171,-0.024074345,-2.063758479,0.016422105,0.0377084,-0.06448595,-0.062826325,-0.096849826,-0.076138357,1,3.205538095,137.54,142.48,9.25,1.125,10.26,-4403200000,2490834100,4519012700,-2028178600,16848060000,1.77E+10,59371630075,331.1435852,369.0437317,0.146438093,0.119802509
8/1/17,-0.017378142,0.008903102,0.00671519,0,0,0,0.154985753,1.215975263,-0.214639541,-0.074652223,-0.074137896,0.039672478,0.086540456,0.082617515,1,3.150313043,138.77,143.44,9.25,1.125,11.98,-1305200000,2009685200,4193942900,-2184257700,17529900000,1.93E+10,64485088996,370.5546875,396.8701172,0.112448965,0.072693915
9/1/17,-0.005131059,-0.002236411,-0.005662965,-0.114410351,0,-0.131336002,-0.13759401,-0.248202361,0.149186587,-0.2396547,0.814637294,0.036070251,-0.042334364,-0.064501987,1,3.13419,138.46,142.63,8.25,1.125,10.44,-1672900000,2333022600,3300211700,-967189100,18173750000,1.85E+10,60456979611,353.6856079,377.1853333,-0.046592633,-0.0508724
10/1/17,0.017850159,-0.007976259,-0.006047838,-0.09531018,0,-0.111225635,-0.030143264,-0.444676625,-0.046945534,0.165348871,-0.544732564,0.011773871,0.010752792,0.007319584,1,3.190638095,137.36,141.77,7.5,1.125,"	10.13",-2609700000,2226028700,3893605100,-1667576400,18388990000,1.87E+10,60901123027,347.2269897,345.1082764,-0.01842969,-0.088878454
11/1/17,0.021118157,-0.020074942,-0.018941039,0,0,0,0.039676225,-0.407850785,0.054926724,0.061087822,-0.069253487,-0.055088825,-0.119120828,-0.103610572,1,3.258735,134.63,139.11,7.5,1.125,"	10.54",-3923900000,2351717400,4138872100,-1787154700,17403360000,1.66E+10,54907010851,378.6369629,356.5148621,0.086599149,0.032517715
12/1/17,0.009946579,-0.013836652,-0.01418977,-0.068992871,0.200670695,-0.125163143,-0.026924703,0.098309142,-0.011109881,0.52836965,-0.965761291,0.040789449,0.052798186,0.001196387,1,3.29131,132.78,137.15,7,1.375,"	10.26",-3556500000,2325734700,7020208800,-4694474100,18127910000,1.75E+10,54972740218,415.6210938,389.8040161,0.093196148,0.089268162
1/1/18,-0.025018973,0.012796224,0.01354259,0,0,0,0.075082156,-0.786884098,-0.160339122,-0.350874645,0.460675306,0.08921003,-0.040821995,-0.038276281,1,3.209986364,134.49,139.02,7,1.375,11.06,-7812000000,1981188400,4942732500,-2961544100,19819430000,1.68E+10,52908348793,453.4082336,407.736145,0.087018885,0.044976172
2/1/18,0.009586094,-0.015813272,-0.020346582,-0.036367644,0,-0.045462374,0.708400953,0.270640869,0.375528127,-0.407646716,1.992449286,-0.021691295,-0.061368946,-0.202834145,1,3.240905556,132.38,136.22,6.75,1.375,22.46,-5959700000,2884134900,3287974100,-403839200,19394150000,1.58E+10,43195097447,435.0049744,418.1193848,-0.041435431,0.025146739
3/1/18,0.011568076,-0.006897886,-0.007885953,-0.037740328,0.167054085,-0.09763847,-0.166244892,0.600230159,0.309776682,0.339925423,-0.532281967,0.016513791,0.245672664,0.271575411,1,3.278614286,131.47,135.15,6.5,1.625,19.02,-3270000000,3931423900,4619086800,-687662900,19717080000,2.02E+10,56673255483,343.4516907,395.0769348,-0.236311003,-0.056686484
4/1/18,0.038381928,-0.035379314,-0.036929592,0,0,0,-0.040230687,0.197817142,-0.01498991,-0.064673362,0.408881693,-0.007847283,-0.025063969,-0.076915969,1,3.4069,126.9,130.25,6.5,1.625,18.27,-2683100000,3872931700,4329810000,-456878300,19562960000,1.97E+10,52477601795,306.1226807,375.5897827,-0.115060524,-0.050582973
5/1/18,0.064933387,-0.032842359,-0.032935707,0,0,0,-0.257668138,0.41182122,-0.035096757,0.117218695,-0.904605051,-0.116946536,-0.02051354,0.168942812,1,3.635461905,122.8,126.03,6.5,1.625,14.12,-1777400000,3739362000,4868288100,-1128926100,17403850000,1.93E+10,62136231569,314.567749,376.7759705,0.027213532,0.003153224
6/1/18,0.037020671,-0.019571384,-0.011170626,0,0.143100844,-0.052643733,-0.03165732,-0.332663291,-0.343812723,0.30811505,-1.258407721,0.07241052,0.025576842,-0.003519384,1,3.772571429,120.42,124.63,6.5,1.875,13.68,-2478900000,2651438400,6625046600,-3973608200,18710820000,1.98E+10,61917934640,325.0760193,369.5805969,0.032859589,-0.019281927
7/1/18,0.01462125,-0.002910726,-0.002731803,0,0,0,-0.039513154,-1.230249247,-0.105498128,-0.155216062,0.189821409,0.044628534,0.063591103,0.09086707,1,3.828136364,120.07,124.29,6.5,1.875,13.15,-8483000000,2385966200,5672564700,-3286598500,19564770000,2.11E+10,67807780415,321.1976013,364.3039246,-0.012002546,-0.014380364
8/1/18,0.026046682,-0.009203546,-0.016222272,0,0,0,-0.046701093,0.564999818,0.262092007,0.557257883,-0.727466041,-0.069696387,-0.048553225,-0.073005457,1,3.929156522,118.97,122.29,6.5,1.875,12.55,-4821400000,3100911700,9903608900,-6802697200,18247610000,2.01E+10,63033824953,336.1186218,369.0704956,0.045407625,0.012999194
9/1/18,0.046444253,-0.025712297,-0.029711729,0,0.125163143,-0.055569851,0.028281539,0.706258015,-0.377925304,-0.351691832,0.339958278,0.052024986,-0.056280836,-0.051559005,1,4.115947368,115.95,118.71,6.5,2.125,12.91,-2379300000,2124998000,6967158000,-4842160000,19222070000,1.90E+10,59866224524,370.006012,370.4999084,0.096055115,0.003865527
10/1/18,-0.091034141,0.093623078,0.092080919,0,0,0,0.404690215,-0.266465004,0.326360536,-0.006511346,0.196864995,0.076951619,0.132873281,0.102836893,1,3.757804545,127.33,130.16,6.5,2.125,"	19.35",-3105800000,2945066500,6921939800,-3976873300,20759640000,2.17E+10,66350372472,387.4919739,386.7052612,0.046175882,0.042809606
11/1/18,0.007479125,-0.001571957,-0.003694585,0,0,0,0.00206505,-0.264136051,-0.38630125,0.442496671,-0.791211024,-0.030845678,-0.122401982,-0.104522575,1,3.786015,127.13,129.68,6.5,2.125,"	19.39",-4044700000,2001366400,10774613000,-8773246600,20129070000,1.92E+10,59765394100,382.2362671,386.1330872,-0.013656218,-0.001480709
12/1/18,0.025655804,-0.026542825,-0.026805809,0,0.111225635,-0.0588405,0.252116353,-0.548931246,0.243765925,-0.585503152,0.934566563,-0.005123123,0.005194817,-0.005830963,1,3.884405,123.8,126.25,6.5,2.375,"	24.95",-7003000000,2553834800,5999580600,-3445745800,20026210000,1.93E+10,59417918321,371.4960938,372.6300964,-0.028500568,-0.035595866
1/1/19,-0.037602283,0.027800588,0.030116178,0,0,0,-0.242876041,-0.277906473,0.005916753,-0.766072541,2.752060684,-0.018285927,-0.150702401,-0.042838306,1,3.741054545,127.29,130.11,6.5,2.375,19.57,-9246500000,2568990000,2788815700,-219825700,19663340000,1.66E+10,56926304620,439.7541809,399.481781,0.168677542,0.069581931
2/1/19,-0.004831026,0.00743556,0.003376049,0,0,0,-0.250730615,1.195983749,0.058494762,0.170764538,-0.977717349,-0.024627786,-0.062131781,-0.120197459,1,3.723025,128.24,130.55,6.5,2.375,15.23,-2796200000,2723744500,3308125000,-584380500,19184990000,1.56E+10,50479134409,459.2065125,451.3798218,0.043284136,0.122141002
3/1/19,0.03246703,-0.024230695,-0.023247851,0,0,0,-0.049808411,-0.25358874,0.07313619,0.175126162,-0.548018665,-0.104395007,0.103435587,-0.069339036,1,3.845884211,125.17,127.55,6.5,2.375,14.49,-3603300000,2930414200,3941288600,-1010874400,17283170000,1.73E+10,47097552475,379.0064697,448.4195862,-0.191946752,-0.006579792
4/1/19,0.012833169,-0.009391248,-0.009690075,0,0,0,-0.112362968,0.218346981,0.075571182,0.01697459,0.175325196,0.062773435,0.098981834,-0.010852329,1,3.895557143,124,126.32,6.5,2.375,12.95,-2896500000,3160451700,4008761400,-848309700,18402870000,1.91E+10,46589197737,378.1975708,478.3594971,-0.002136542,0.064633165
5/1/19,0.026687171,-0.01437705,-0.017166776,0,0,0,0.25550982,-0.123059002,0.005875817,0.124509452,-0.472888944,0.00472017,0.070736551,0.236135156,1,4.000918182,122.23,124.17,6.5,2.375,16.72,-3275800000,3179076600,4540294000,-1361217400,18489940000,2.05E+10,58998018716,471.8070374,504.4676819,0.22115335,0.053141242
6/1/19,-0.036316306,0.031329319,0.028893192,0,0,0,-0.054067221,0.226522475,-0.305450252,0.090469037,-0.657800578,-0.041587478,-0.113523826,-0.069145308,1,3.858226316,126.12,127.81,6.5,2.375,15.84,-2611800000,2342316800,4970203600,-2627886800,17736760000,1.83E+10,55056424230,531.5371704,541.0093384,0.119203047,0.069932762
7/1/19,-0.020824087,0.016825619,0.016297117,0,0,0,-0.174022754,-1.478281914,0.062420324,-0.140718173,0.364818802,0.01627347,0.083818672,0.162172139,1,3.778713043,128.26,129.91,6.5,2.375,13.31,-11453800000,2493184600,4317785400,-1824600800,18027760000,1.99E+10,64749805265,589.0411987,581.6937866,0.102722998,0.072507629
8/1/19,0.061744627,-0.029432504,-0.033421228,-0.080042708,-0.111225635,-0.062520357,0.354870161,0.612064043,0.206306867,0.117128891,0.019210801,0.014067625,-0.015190165,-0.02333887,1,4.019381818,124.54,125.64,6,2.125,18.98,-6210600000,3064448800,4854332100,-1789883300,18283160000,1.96E+10,63256116255,468.7250061,470.1592102,-0.228479873,-0.212872787
9/1/19,0.024943472,-0.015373715,-0.023189445,-0.087011377,-0.125163143,-0.066691374,-0.198682274,0.514201898,-0.186267973,0.394908162,-0.957161741,0.002864653,-0.052367986,-0.026299661,1,4.1209,122.64,122.76,5.5,1.875,15.56,-3713800000,2543649200,7205032100,-4661382900,18335610000,1.86E+10,61614187592,465.0874939,466.5811768,-0.007790709,-0.007639365
10/1/19,-0.008410391,0.006177877,0.000814266,-0.09531018,-0.143100844,-0.071458964,-0.005800854,-0.901282881,-0.118024288,-0.284512722,0.388597235,0.019862393,0.047252885,0.048013461,1,4.086386957,123.4,122.86,5,1.625,"	15.47",-9146200000,2260476100,5420927700,-3160451600,18703440000,1.95E+10,64644667724,447.8717346,455.4315491,-0.037718662,-0.024186589
11/1/19,0.016585046,-0.015516849,-0.014346272,0,0,0,-0.211575299,0.78415228,0.101581822,-0.277419964,0.677300934,0.01390722,-0.102515564,-0.162422816,1,4.154725,121.5,121.11,5,1.625,"	12.52",-4175300000,2502167300,4107633200,-1605465900,18965370000,1.76E+10,54953249055,418.2695313,431.4873962,-0.068380848,-0.054007128
12/1/19,-0.011095524,0.008115131,0.014915864,-0.105360516,0,-0.16034265,0.094438467,-0.145618847,-0.105965361,0.678619527,-1.292376463,-0.011306272,0.04987183,-0.022262052,1,4.108880952,122.49,122.93,4.5,1.625,"	13.76",-4829800000,2250588900,8096780600,-5846191700,18752150000,1.85E+10,53743393839,459.042572,465.6941833,0.093016919,0.076290859
1/1/20,0.009180755,-0.011908325,-0.013018565,0,0,0,0.012996573,-0.799765756,-0.198673777,-0.864853272,1.318166265,-0.09429055,-0.250542526,-0.140085381,1,4.146777273,121.04,121.34,4.5,1.625,13.94,-10746400000,1845071700,3409662300,-1564590600,17064800000,1.44E+10,46718273016,590.8206177,483.5183716,0.252369493,0.037560151
2/1/20,0.045966494,-0.034802201,-0.037448755,-0.057158414,0,-0.090971778,0.342296603,0.79100471,0.073226662,0.8404659,-1.33011407,0.051652449,0.067139303,-0.061521071,1,4.341838889,116.9,116.88,4.25,1.625,19.63,-4872300000,1985249900,7901709700,-5916459800,17969400000,1.54E+10,43930739973,439.7367859,448.4822998,-0.295336114,-0.075220096
3/1/20,0.117506501,-0.100713976,-0.100448272,-0.125163143,-2.564949357,0.322773392,1.078891166,0.363562483,1.111003355,-0.090993153,1.608465303,-0.013751222,0.17253355,0.195880565,1,4.883218182,105.7,105.71,3.75,0.125,57.74,-3387200000,6030006900,7214450300,-1184443400,17723990000,1.83E+10,53436544555,352.1667786,446.2323914,-0.222071468,-0.005029342
4/1/20,0.086605429,-0.068621269,-0.069121263,0,0,0,-0.331462293,43.44462087,-0.891727695,-0.184580864,-1.091030564,-0.048361966,-0.039002158,0.07351201,1,5.324985,98.69,98.65,3.75,0.125,41.45,2177300000,2471982500,5998474200,-3526491700,16887220000,1.76E+10,57512762338,317.4934387,421.1245422,-0.103647713,-0.057911258
5/1/20,0.057979362,-0.061429232,-0.064802114,-0.223143551,0,-0.231801614,-0.293731698,-1.587766572,-0.392051335,0.273852097,-0.56712425,-0.014485102,-0.005698021,0.014901242,1,5.64285,92.81,92.46,3,0.125,30.90,445000000,1670243000,7888115300,-6217872300,16644370000,1.75E+10,58376191041,336.1294861,453.4038391,0.057039308,0.073854591
6/1/20,-0.082501075,0.070507365,0.068545731,-0.287682072,0,-0.302280872,0.007094515,1.934058491,-0.140007374,-0.339041104,0.400019325,-0.038506901,0,0.089524948,1,5.195995238,99.59,99.02,2.25,0.125,31.12,3078300000,1452028800,5619912700,-4167883900,16015630000,1.75E+10,63843390897,447.6739197,506.4255981,0.286568649,0.110594213
7/1/20,0.015961331,-0.023879608,-0.024432598,0,0,0,-0.147957387,-41.59619452,-0.023500312,-0.197570836,0.26610857,0.093040901,0.103072185,0.113025444,1,5.279595652,97.24,96.63,2.25,0.125,26.84,-377300000,1418303500,4612386000,-3194082500,17577260000,1.94E+10,71482917960,497.668335,528.4333496,0.105868752,0.042539266
8/1/20,0.033715264,-0.037724507,-0.038719959,-0.117783036,0,-0.125163143,-0.159193178,40.6580476,0.124074258,0.409314479,-0.513851089,-0.049977687,-0.10880286,-0.126972595,1,5.460633333,93.64,92.96,2,0.125,22.89,1204700000,1605661300,6945262500,-5339601200,16720380000,1.74E+10,62959138217,603.4273682,578.5925293,0.192691821,0.090681796
9/1/20,-0.011373077,0.006387077,0.008995563,0,0,0,0.188925594,-3.499417051,-0.128409584,-0.638498936,0.861771487,0.046038152,0.044951388,0.067879405,1,5.398880952,94.24,93.8,2,0.125,27.65,36400000,1412168000,3667685600,-2255517600,17508150000,1.82E+10,67381151109,680.0484619,598.0170898,0.119538381,0.033020851
10/1/20,0.041063109,-0.040494869,-0.035594035,0,0,0,0.062728566,-38.27475795,-0.103166459,0.141105628,-0.268346669,-0.002879947,-0.033522692,-0.150066304,1,5.625190476,90.5,90.52,2,0.125,"	29.44",-1151900000,1273742800,4223509700,-2949766900,17457800000,1.76E+10,57991649032,681.7626953,588.4603271,0.00251758,-0.016109821
11/1/20,-0.037669272,0.025420013,0.033673215,0,0,0,-0.163478469,-0.738877674,0.035657917,0.001470727,0.013660839,0.069152405,-0.017192401,-0.057467563,1,5.417235,92.83,93.62,2,0.125,"	25.00",-2411600000,1319981300,4229725900,-2909744600,18707770000,1.73E+10,54752961279,730.4650879,613.0411987,0.068999795,0.040922631
12/1/20,-0.05157077,0.042290269,0.049796768,0,0,0,-0.111155049,-1.226072947,-0.045780874,0.510903219,-0.687924725,-0.020678155,0.067064231,0.075737309,1,5.144945455,96.84,98.4,2,0.125,"	22.37",-8218300000,1260913800,7050090200,-5789176400,18324900000,1.85E+10,59060879256,1006.50061,740.2103882,0.320553414,0.188502312
1/1/21,0.040127975,-0.036597144,-0.040335155,0,0,0,0.107548554,-4.86707E-05,0.263481608,-1.269374435,2.834485921,0.018176066,-0.216409519,-0.196113447,1,5.3556,93.36,94.51,2,0.125,24.91,-8218700000,1641020500,1981127200,-340106700,18661020000,1.49E+10,48543257939,1167.116455,811.5756226,0.148056566,0.092043117
2/1/21,0.011195303,-0.007741974,-0.007327596,0,0,0,-0.073706608,0.717670681,0.148505798,1.548438819,-3.082097133,0.078145638,0.095920122,-0.109430001,1,5.415894444,92.64,93.82,2,0.125,23.14,-4009800000,1903747100,9319461000,-7415713900,20177790000,1.64E+10,43511501931,966.1912842,796.9484863,-0.188929586,-0.018187529
3/1/21,0.041529193,-0.03147017,-0.028981267,0.318453731,0,0.336472237,-0.057819571,-0.711592896,0.647417794,-0.743102503,2.232549237,0.123890171,0.393195016,0.346355974,1,5.645547826,89.77,91.14,2.75,0.125,21.84,-8168900000,3637300900,4432670800,-795369900,22839070000,2.43E+10,61521166691,704.5316772,817.7689819,-0.315828537,0.025789836
4/1/21,-0.01499309,0.014267786,0.011563345,0,0,0,-0.226124179,44.9378244,-0.050346266,0.361387137,-1.294894823,0.086756518,0.071458964,0.016495045,1,5.561535,91.06,92.2,2.75,0.125,17.42,4018700000,3458709800,6362296700,-2903586900,24909000000,2.61E+10,62544376858,673.423645,869.8721313,-0.045158675,0.061766347
5/1/21,-0.049971291,0.041410444,0.044546071,0.241162057,0,0.251314428,0.126040721,-0.34859912,-0.234891734,-0.065438955,-0.104872497,-0.00320961,0.003824096,-0.018211344,1,5.290447619,94.91,96.4,3.5,0.125,19.76,2835900000,2734651200,5959284800,-3224633600,24829180000,2.62E+10,61415668511,805.9470825,981.71875,0.179643467,0.120958637
6/1/21,-0.050223512,0.055735001,0.05568199,0.194156014,0,0.200670695,-0.152802062,-0.131563685,-0.106253362,-0.371070251,0.668294121,0.03896907,0.077102394,0.097360036,1,5.031304762,100.35,101.92,4.25,0.125,16.96,2486300000,2458989600,4111879500,-1652889900,25815850000,2.83E+10,67695860040,1045.198853,1027.134888,0.25994435,0.045223681
7/1/21,0.024487028,-0.011929368,-0.007880261,0,0,0,0.037041272,-43.46977678,-0.048137597,0.109753736,-0.306379444,-0.084457614,-0.104183352,-0.098846815,1,5.156027273,99.16,101.12,4.25,0.125,17.60,-3041800000,2343423600,4588870700,-2245447100,23725040000,2.55E+10,61324424851,1081.933838,1017.722351,0.034542874,-0.009206122
8/1/21,0.018275532,-0.016472157,-0.012338465,0.211309094,0,0.217064505,-0.007413778,0.594966034,-0.064152119,-0.378665577,0.86596899,0.070208681,0.064538521,0.074104266,1,5.251122727,97.54,99.88,5.25,0.125,17.47,-1677800000,2197808700,3142342000,-944533300,25450610000,2.72E+10,66041443527,823.5217285,798.5152588,-0.272915375,-0.242568344
9/1/21,0.005311918,-0.001231022,0.004096524,0.174353387,0,0.178248231,0.126206405,-0.635901113,0.098306663,0.057016829,0.046220668,-0.081830838,-0.108633841,-0.094160511,1,5.279090476,97.42,100.29,6.25,0.125,19.82,-3168900000,2424844700,3326714600,-901869900,23450900000,2.44E+10,60106739045,605.69104,593.512085,-0.307219914,-0.296696501
10/1/21,0.048127854,-0.044283807,-0.04132483,0.21511138,0,0.219053566,-0.1035682,-0.586344536,-0.128302366,-0.012561026,-0.245067686,-0.018864374,-0.076633226,-0.075694215,1,5.539375,93.2,96.23,7.75,0.125,"	17.87",-5695800000,2132862800,3285189000,-1152326200,23012660000,2.26E+10,55724937094,649.7713013,595.5048828,0.070250436,0.003352012
11/1/21,0.003043542,0.002036551,0.00559587,0,0,0,0.034647403,-0.319650069,-0.259069079,-0.201573303,0.103160225,-0.066273042,-0.09752502,-0.088001519,1,5.55626,93.39,96.77,7.75,0.125,"	18.50",-7841100000,1646078900,2685456900,-1039378000,21536980000,2.05E+10,51030639756,516.6749268,496.9103699,-0.229206548,-0.180999921
12/1/21,0.016837284,-0.009467526,-0.008509806,0.176930708,0,0.179585577,0.143281008,0.125584941,0.104775999,0.437958092,-0.808667545,0.122921365,0.174158246,0.177252649,1,5.650604348,92.51,95.95,9.25,0.125,"	21.35",-6915700000,1827907800,4161222800,-2333315000,24353920000,2.44E+10,60927149553,617.6311035,583.5054321,0.178477451,0.160644094
1/1/22,-0.020941116,0.018846259,0.016640351,0,0,0,0.082238098,-0.000144588,0.239928157,-0.555056758,3.578388267,0.012410597,-0.208901195,-0.232639665,1,5.533504762,94.27,97.56,9.25,0.125,23.18,-6916700000,2323559300,2388707000,-65147700,24658050000,1.98E+10,48281053441,741.0135498,686.6945801,0.182127552,0.162835862
2/1/22,-0.06293634,0.065486147,0.063346236,0.150282203,0,0.152191815,0.105144789,1.537783538,0.292498586,0.418852182,-2.073921715,0.163574903,0.171318483,-0.050830118,1,5.195978947,100.65,103.94,10.75,0.125,25.75,-1486100000,3113037000,3631349700,-518312700,29040120000,2.35E+10,45888250205,616.3970337,730.2825317,-0.18412762,0.061541866
3/1/22,-0.044911621,0.057903293,0.057756871,0.088947486,1.098612289,0.06820825,0.04629051,-0.191242461,0.34593858,0.474599377,-1.019886268,-0.052560367,0.223994253,0.283591264,1,4.967781818,106.65,110.12,11.75,0.375,26.97,-1799300000,4399704400,5836923000,-1437218600,27553180000,2.94E+10,60934551466,631.1159058,774.819397,0.02359824,0.059198477
4/1/22,-0.043268807,0.057304259,0.057350106,0,0,0,-0.10137227,42.54651345,-0.02245814,0.366807778,-1.053479966,0.030462369,-0.013698844,-0.098633589,1,4.757415789,112.94,116.62,11.75,0.375,24.37,1669600000,4301996500,8423383200,-4121386700,28405430000,2.90E+10,55211251934,609.1176147,772.1413574,-0.035478155,-0.003462327
5/1/22,0.040581543,-0.02492285,-0.029146437,0.081678031,0.84729786,0.043017385,0.184575887,-43.19804056,-0.359995506,-0.310531513,0.261383816,-0.038662286,0.020478531,0.00990164,1,4.95445,110.16,113.27,12.75,0.875,29.31,-3451900000,3001414600,6174821900,-3173407300,27328170000,2.96E+10,55760649350,566.3294067,709.2429199,-0.072835477,-0.084969548
6/1/22,0.018826701,-0.010585972,-0.015301428,0.038466281,0.619039208,-0.021277398,-0.037543512,42.57206379,-0.079241218,0.247991147,-0.482239195,0.089574154,0.099600717,0.142666612,1,5.048609524,109,111.55,13.25,1.625,28.23,892800000,2772758000,7912716800,-5139958800,29889050000,3.27E+10,64311278752,609.6513062,710.1185913,0.073711265,0.001233895
7/1/22,0.061244951,-0.043213997,-0.059370366,0,0.379489622,-0.066691374,-0.121509417,-43.00071372,-0.134658477,-0.706659803,1.245119942,-0.046402843,-0.092866684,-0.007640442,1,5.36747619,104.39,105.12,13.25,2.375,25.00,-5299300000,2423430300,3903257200,-1479826900,28533800000,2.98E+10,63821784534,525.1934814,606.0947266,-0.149120434,-0.158395698
8/1/22,-0.043209896,0.049068386,0.037803746,0.037041272,0,0.044951388,-0.120135801,-0.225492045,-0.003785768,0.341196358,-0.731758017,-0.017480469,0.033006296,0.36784481,1,5.1404875,109.64,109.17,13.75,2.375,22.17,-6639700000,2414273100,5490436400,-3076163300,28039350000,3.08E+10,92198087959,526.1712646,604.532959,0.001860027,-0.002580097
9/1/22,0.018478135,0.008265636,-0.004774594,0,0.274436846,-0.06820825,0.209610808,-0.015705056,0.006453091,-0.224913902,0.453458176,-0.01882669,-0.074107972,-0.292984862,1,5.236357143,110.55,108.65,13.75,3.125,27.34,-6744800000,2429903000,4384580000,-1954677000,27516400000,2.86E+10,68782856185,532.036499,563.2380371,0.011085336,-0.070753851
10/1/22,0.002543925,0.013566535,0.009070565,0,0,0,0.093179828,0.348041093,-0.038636446,-0.13855553,0.278541047,-0.006679012,-0.061280431,-0.142450317,1,5.249695,112.06,109.64,13.75,3.125,"	30.01",-4762300000,2337810700,3817280700,-1479470000,27333230000,2.69E+10,59650600391,478.3790588,534.7047119,-0.106308666,-0.051987686
11/1/22,0.004629537,-0.014833733,-0.014978456,0,0.21511138,-0.073203404,-0.253077299,2.060286775,-0.10697588,0.128233106,-0.414309557,0.058793607,0.029306127,0.052307176,1,5.274055,110.41,108.01,13.75,3.875,"	23.30",-606800000,2100633600,4339553300,-2238919700,28988430000,2.77E+10,62853799673,504.4792175,536.2736206,0.053123216,0.002929863
12/1/22,-0.006128496,-0.008824256,-0.007154502,0,0.121360857,-0.051959739,-0.067461243,-2.41875546,0.179069946,-0.280438002,1.072892352,-0.070123321,-0.051863474,0.001590583,1,5.241831818,109.44,107.24,13.75,4.375,"	21.78",-6815500000,2512577100,3278327600,-765750500,27025300000,2.63E+10,62953853414,600.1130371,604.3876343,0.173591388,0.119571254
1/1/23,-0.007996661,-0.00228697,-0.005610637,0,0,0,-0.076795766,-0.142281786,-0.112001704,0.1142595,-0.623730241,0.020544358,-0.142808403,-0.184073516,1,5.200081818,109.19,106.64,13.75,4.375,20.17,-7857600000,2246351300,3675146200,-1428794900,27586260000,2.28E+10,52369714491,658.210022,652.6300659,0.09240603,0.076794683
2/1/23,-0.005591077,0.01553941,0.014245388,0,0.055569851,-0.027028672,-0.002482007,0.556315523,0.224041912,0.223253636,-0.222013051,-0.09552386,-0.121077932,-0.142129401,1,5.171088889,110.9,108.17,13.75,4.625,20.12,-4504900000,2810462800,4594438500,-1783975700,25073060000,2.02E+10,45431198276,626.0039063,672.6755371,-0.050167452,0.030252645
3/1/23,0.007661793,0.000991393,-0.000924898,0,0.052643733,-0.027779564,0.072829109,0.966744358,0.34940215,0.589130515,-0.878667094,0.202968567,0.484745911,0.412094299,1,5.21086087,111.01,108.07,13.75,4.875,21.64,-1713300000,3985852900,8281110400,-4295257500,30715350000,3.28E+10,68600056223,513.2657471,671.748291,-0.198562875,-0.001379396
4/1/23,-0.0374878,0.035833444,0.032679375,0,0,0,-0.194222032,0.318643441,-0.220729551,-0.23644642,0.251255471,-0.118316217,-0.190894788,-0.181140127,1,5.019133333,115.06,111.66,13.75,4.875,17.82,-1245800000,3196389100,6537341900,-3340952800,27287980000,2.71E+10,57234291892,468.2278748,629.5613403,-0.091838647,-0.064860412
5/1/23,-0.007377504,0.018769384,0.014492363,0,0.050010421,-0.028573372,-0.010152371,40.35956549,-0.045756054,-0.168703031,0.302421481,0.071874723,0.18784135,0.274268134,1,4.982240909,117.24,113.29,13.75,5.125,17.64,270700000,3053430500,5522483200,-2469052700,29321500000,3.27E+10,75295574509,448.9310913,567.3876953,-0.042085685,-0.103980456
6/1/23,-0.026701774,0.035444203,0.02785453,0,0,0,-0.231111721,-40.46887549,-0.067156602,-0.125464719,0.202618218,-0.080785243,-0.099600717,-0.070673635,1,4.850966667,121.47,116.49,13.75,5.125,14.00,-1389700000,2855106400,4871310000,-2016203600,27045910000,2.96E+10,70157851618,493.2463684,605.4157715,0.094139378,0.064872612
7/1/23,-0.01051347,0.013817004,0.007099812,0,0.047628049,-0.029413885,-0.005012542,-0.84571353,-0.16485487,-0.12451648,0.070041905,0.001450553,-0.044912557,-0.01585597,1,4.800233333,123.16,117.32,13.75,5.375,13.93,-3237500000,2421178100,4300995100,-1879817000,27085170000,2.83E+10,69054203646,509.1028137,613.1204224,0.031641205,0.012645917
8/1/23,0.021171207,0.006635939,-0.004784698,-0.037041272,0,-0.061557893,0.129124713,1.710773932,0.048264542,0.209494809,-0.384947988,0.045848776,0.094346015,0.143907907,1,4.902943478,123.98,116.76,13.25,5.375,15.85,-585100000,2540901100,5303363400,-2762462300,28355900000,3.11E+10,79742258398,496.7797241,585.4779053,-0.024503271,-0.046132918
9/1/23,0.00679856,0.008353462,-0.001114015,-0.038466281,0,-0.065597282,-0.043849707,-0.690665895,-0.201947935,0.385167296,-0.727660582,0.001323011,-0.080310696,-0.080901337,1,4.93639,125.02,116.63,12.75,5.375,15.17,-1167300000,2076265500,7795202800,-5718937300,28393440000,2.87E+10,73545063439,565.7032471,628.3115845,0.129922925,0.070607751
10/1/23,0.025570346,-0.016614625,-0.021756004,0,0,0,0.219312888,39.91111925,0.04093205,-0.497268851,0.796790237,0.034454496,0.034249923,-0.041231855,1,5.064242857,122.96,114.12,12.75,5.375,"	18.89",184500000,2163014600,4740960100,-2577945500,29388770000,2.97E+10,70574329374,562.5672607,617.5847778,-0.005558941,-0.017219846
11/1/23,-0.033431788,0.019888735,0.014700391,-0.040005335,0,-0.070204259,-0.2981478,-38.32805873,0.059134517,-0.011443727,0.074765065,-0.007596295,-0.062520357,-0.053884055,1,4.897735,125.43,115.81,12.25,5.375,"	14.02",-239700000,2294781000,4687015100,-2392234100,29166370000,2.79E+10,66872138571,627.8856201,670.7609253,0.109847315,0.082596426
12/1/23,-0.000223598,0.04031481,0.026163664,-0.041672696,0,-0.075507553,-0.097309324,-3.14891699,-0.239218188,-0.080293538,-0.051570739,0.040879086,0.031748698,0.089039666,1,4.89664,130.59,118.88,11.75,5.375,"	12.72",-5587600000,1806550500,4325390400,-2518839900,30383370000,2.88E+10,73099540631,759.00354,692.0077515,0.189648425,0.03118438
1/1/24,0.003497393,0.019038081,0.007625629,0,0,0,0.051332602,0.451744824,0.166955051,-0.112549646,0.375582988,0.031405925,-0.075711822,-0.13406963,1,4.913795455,133.1,119.79,11.75,5.375,13.39,-3556600000,2134802800,3864965500,-1730162700,31352730000,2.67E+10,63927680499,728.6223755,682.2202759,-0.040850847,-0.014244566
2/1/24,0.010122808,-0.001729519,-0.012431911,-0.043485112,0,-0.081678031,0.043119577,-0.035601169,0.027774147,-0.049894907,0.154870765,-0.156182177,-0.136210205,-0.123616315,1,4.963789474,132.87,118.31,11.25,5.375,13.98,-3685500000,2194926200,3676855300,-1481929100,26819230000,2.33E+10,56494095981,620.7068481,634.3032837,-0.160296688,-0.072825385
3/1/24,0.003167057,-0.004299135,-0.012845228,-0.045462374,0,-0.088947486,-0.013684045,-0.574677096,0.432331629,0.625138877,-0.856035654,0.018758618,0.172979053,0.105780059,1,4.979535,132.3,116.8,10.75,5.375,13.79,-6547500000,3382043300,6870224100,-3488180800,27327070000,2.77E+10,62797558497,450.6343994,571.390686,-0.32020254,-0.104454016
4/1/24,0.029474047,-0.018076227,-0.024001499,0,0,0,0.157356971,1.10892878,0.088363658,0.285336179,-0.445196289,0.056606855,0.089715299,0.096645627,1,5.128486364,129.93,114.03,10.75,5.375,16.14,-2160100000,3694494400,9138834900,-5444340500,28918590000,3.03E+10,69169625053,455.9271545,579.5255127,0.011676682,0.014136498
5/1/24,0.000772104,-0.004628566,-0.004570633,-0.023530497,0,-0.047628049,-0.211746539,0.054072365,-0.238287481,-0.318497256,0.376838797,-0.064536608,-0.003305788,0.018818402,1,5.132447619,129.33,113.51,10.5,5.375,13.06,-2046400000,2911173400,6646136100,-3734962700,27111230000,3.02E+10,70483611654,508.8029175,611.1837158,0.109727698,0.053187907
6/1/24,0.048661191,-0.039025882,-0.041460909,0,0,0,-0.03031713,-0.887196833,0.073728164,0.096202329,-0.113375868,0.02230931,-0.050944802,-0.002005876,1,5.388375,124.38,108.9,10.5,5.375,12.67,-4969300000,3133919300,7317274900,-4183355600,27722860000,2.87E+10,70342372003,459.1295166,561.8828125,-0.102728405,-0.084104285
7/1/24,0.028011952,-0.028791289,-0.031624295,0,0,0,0.125905706,-0.288144807,-0.151402575,-0.195481437,0.229824282,0.00899171,0.070617567,0.114794219,1,5.541447826,120.85,105.51,10.5,5.375,14.37,-6628800000,2693608700,6018009400,-3324400700,27973260000,3.08E+10,78899001110,494.3100281,554.4684448,0.073830566,-0.013283412
8/1/24,0.001904872,-0.011317421,-0.016917966,0,0,0,0.295480396,-0.075618632,0.231884869,0.016203185,0.200752174,-0.037628717,-0.070617567,-0.096071733,1,5.552013636,119.49,103.74,10.5,5.375,19.31,-7149500000,3396572000,6116314600,-2719742600,26940220000,2.87E+10,71671761965,468.5169067,516.5708008,-0.05359072,-0.070797541
9/1/24,-0.001991705,-0.001004773,-0.000192808,0.023530497,-0.09763847,0.136575535,-0.089320901,-0.032097001,-0.151430157,-0.024154843,-0.114954253,0.044170682,-0.006993035,0.004424531,1,5.540966667,119.37,103.72,10.75,4.875,17.66,-7382700000,2919278600,5970346000,-3051067400,28156860000,2.85E+10,71989578439,476.921875,499.9025574,0.017780505,-0.032799163
10/1/24,0.014786818,-0.002348403,-0.000482183,0,0,0,0.122428076,-0.000555198,-0.160285824,0.248170024,-0.526437981,0.002683131,0.027683429,-0.008138706,1,5.623508696,119.09,103.67,10.75,4.875,"	19.96",-7386800000,2486934200,7652060100,-5165125900,28232510000,2.93E+10,71406054242,543.597229,542.6528931,0.130855891,0.082056682
11/1/24,0.032014936,-0.016253638,-0.01310762,0.045462374,-0.052643733,0.120144312,-0.219892329,0.513894352,-0.133394377,-0.303456467,0.396951073,0.057228799,-0.048960827,-0.090083684,1,5.806457895,117.17,102.32,11.25,4.625,"	16.02",-4418500000,2176365600,5649225400,-3472859800,29895350000,2.79E+10,65254758752,573.8552246,531.8656006,0.054168558,-0.020079049
12/1/24,0.048726924,-0.040317158,-0.03947094,0.085157808,-0.055569851,0.172842813,-0.009407407,-0.840169261,-0.05046107,-0.117997672,0.16277084,-0.154609943,-0.113758885,-0.12828098,1,6.096395238,112.54,98.36,12.25,4.375,"	15.87",-10236600000,2069268700,5020456000,-2951187300,25612820000,2.49E+10,57398489910,606.2002563,536.7174072,0.054833245,0.009080886
1/1/25,-0.012415606,0.019621412,0.017435564,0.078471615,0,0.119545151,0.054564561,0.040693379,0.087843527,-0.188648543,0.441373513,0.150387677,0.019881371,0.054038017,1,6.021172727,114.77,100.09,13.25,4.375,16.76,-9828400000,2259263300,4157326600,-1898063300,29769390000,2.54E+10,60585525542,611.9276733,535.4718628,0.009403707,-0.002323368
2/1/25,-0.043469086,0.038711203,0.046079406,0,0,0,0.012451984,-0.043541828,-0.021381605,0.560545081,-0.982628298,-0.053989217,-0.11238425,-0.160046959,1,5.765045,119.3,104.81,13.25,4.375,16.97,-10265800000,2211469400,7282085600,-5070616200,28204780000,2.27E+10,51625154968,524.0595703,554.6485596,-0.155008733,0.035186342
3/1/25,-0.003271445,-0.011804522,-0.010743509,0.072759354,0,0.106767975,0.252296072,1.194806375,0.005743941,-0.103021896,0.154433483,0.006539868,0.234532198,0.230575979,1,5.746215789,117.9,103.69,14.25,4.375,21.84,-3108100000,2224208500,6569222000,-4345013500,28389840000,2.87E+10,65012855804,412.2252502,531.6445313,-0.240035438,-0.042359596
4/1/25,0.006395763,-0.006552378,-0.006385471,0,0,0,0.381054812,0.432945861,0.440668946,0.12577865,0.084274039,0.003535854,0.040961358,0.064482891,1,5.783085,117.13,103.03,14.25,4.375,31.97,-2015900000,3455855600,7449702200,-3993846600,28490400000,2.99E+10,69343188535,405.1923218,521.5647583,-0.017208101,-0.019141648
5/1/25,-0.020316054,0.010530883,0.011579788,0.034486176,0,0.049392755,-0.446326203,-0.602145875,-0.164587282,-0.134659594,0.109467001,-0.03119867,0,0.069575024,1,5.666780952,118.37,104.23,14.75,4.375,20.46,-3681100000,2931407800,6511139400,-3579731600,27615260000,2.99E+10,74339537769,431.5315247,519.2730713,0.062978743,-0.00440355
6/1/25,-0.021462238,0.015092095,0.013815664,0.016807118,0,0.023810649,-0.106121096,-0.435568924,0.196120611,-0.342199663,1.219204133,-0.014921792,-0.03056265,-0.002855573,1,5.546455,120.17,105.68,15,4.375,18.40,-5690400000,3566566600,4624252800,-1057686200,27206250000,2.90E+10,74127558582,424.9598694,501.7119751,-0.015345827,-0.034403693